Iteration,Query,RealTime,UserTime,SysTime
1,QUERY_1,Hive Session ID = cacec1bc-b4a7-4920-a5f9-8fff046f3595

Logging initialized using configuration in file:/etc/hive/conf.dist/hive-log4j2.properties Async: true
OK
Time taken: 0.553 seconds
OK
Time taken: 0.171 seconds
OK
Time taken: 1.256 seconds
Query ID = hadoop_20240306084958_a8aeaefd-4f1f-4eb6-a452-01e55689cacc
Total jobs = 1
Launching Job 1 out of 1
Status: Running (Executing on YARN cluster with App id application_1709712160305_0005)

Map 1: -/-	Reducer 2: 0/2	
Map 1: 0/1	Reducer 2: 0/2	
Map 1: 0(+1)/1	Reducer 2: 0/2	
Map 1: 1/1	Reducer 2: 0(+1)/2	
Map 1: 1/1	Reducer 2: 2/2	
OK
Time taken: 17.01 seconds
Query ID = hadoop_20240306085015_d5597ca1-0820-4098-93ac-ea227f58219f
Total jobs = 1
Launching Job 1 out of 1
Status: Running (Executing on YARN cluster with App id application_1709712160305_0005)

Map 1: -/-	Reducer 2: 0/2	
Map 1: 0/1	Reducer 2: 0/2	
Map 1: 0(+1)/1	Reducer 2: 0/2	
Map 1: 1/1	Reducer 2: 2/2	
OK
Time taken: 1.605 seconds
Query ID = hadoop_20240306085017_29d0d088-0383-4c9b-b173-2fbbc1e385b3
Total jobs = 1
Launching Job 1 out of 1
Status: Running (Executing on YARN cluster with App id application_1709712160305_0005)

Map 1: -/-	Reducer 2: 0/2	
Map 1: 0/1	Reducer 2: 0/2	
Map 1: 0(+1)/1	Reducer 2: 0/2	
Map 1: 1/1	Reducer 2: 2/2	
OK
Time taken: 1.685 seconds
Query ID = hadoop_20240306085018_e21b8726-996b-4f00-ac86-7a06a6827ed2
Total jobs = 1
Launching Job 1 out of 1
Status: Running (Executing on YARN cluster with App id application_1709712160305_0005)

Map 1: -/-	Reducer 2: 0/2	
Map 1: 0/1	Reducer 2: 0/2	
Map 1: 0(+1)/1	Reducer 2: 0/2	
Map 1: 1/1	Reducer 2: 1(+1)/2	
Map 1: 1/1	Reducer 2: 2/2	
OK
Time taken: 5.496 seconds
Query ID = hadoop_20240306085024_86ece9dc-1b0a-438a-84e5-32bfeb499121
Total jobs = 1
Launching Job 1 out of 1
Status: Running (Executing on YARN cluster with App id application_1709712160305_0005)

Map 1: -/-	Reducer 2: 0/2	
Map 1: 0/1	Reducer 2: 0/2	
Map 1: 0(+1)/1	Reducer 2: 0/2	
Map 1: 1/1	Reducer 2: 2/2	
OK
Time taken: 1.564 seconds
NoViableAltException(24@[])
	at org.apache.hadoop.hive.ql.parse.HiveParser.statement(HiveParser.java:1402)
	at org.apache.hadoop.hive.ql.parse.ParseDriver.parse(ParseDriver.java:230)
	at org.apache.hadoop.hive.ql.parse.ParseUtils.parse(ParseUtils.java:79)
	at org.apache.hadoop.hive.ql.parse.ParseUtils.parse(ParseUtils.java:72)
	at org.apache.hadoop.hive.ql.Driver.compile(Driver.java:631)
	at org.apache.hadoop.hive.ql.Driver.compileInternal(Driver.java:1871)
	at org.apache.hadoop.hive.ql.Driver.compileAndRespond(Driver.java:1818)
	at org.apache.hadoop.hive.ql.Driver.compileAndRespond(Driver.java:1813)
	at org.apache.hadoop.hive.ql.reexec.ReExecDriver.compileAndRespond(ReExecDriver.java:126)
	at org.apache.hadoop.hive.ql.reexec.ReExecDriver.run(ReExecDriver.java:214)
	at org.apache.hadoop.hive.cli.CliDriver.processLocalCmd(CliDriver.java:242)
	at org.apache.hadoop.hive.cli.CliDriver.processCmd(CliDriver.java:191)
	at org.apache.hadoop.hive.cli.CliDriver.processLine(CliDriver.java:405)
	at org.apache.hadoop.hive.cli.CliDriver.processLine(CliDriver.java:338)
	at org.apache.hadoop.hive.cli.CliDriver.executeDriver(CliDriver.java:815)
	at org.apache.hadoop.hive.cli.CliDriver.run(CliDriver.java:787)
	at org.apache.hadoop.hive.cli.CliDriver.main(CliDriver.java:709)
	at java.base/jdk.internal.reflect.NativeMethodAccessorImpl.invoke0(Native Method)
	at java.base/jdk.internal.reflect.NativeMethodAccessorImpl.invoke(NativeMethodAccessorImpl.java:77)
	at java.base/jdk.internal.reflect.DelegatingMethodAccessorImpl.invoke(DelegatingMethodAccessorImpl.java:43)
	at java.base/java.lang.reflect.Method.invoke(Method.java:568)
	at org.apache.hadoop.util.RunJar.run(RunJar.java:328)
	at org.apache.hadoop.util.RunJar.main(RunJar.java:241)
FAILED: ParseException line 1:1 cannot recognize input near 'QUERY_1' '<EOF>' '<EOF>'
38.000,28.556,1.404
1,QUERY_2,Hive Session ID = e74cca2e-c888-42c7-bf15-15e69a0e1382

Logging initialized using configuration in file:/etc/hive/conf.dist/hive-log4j2.properties Async: true
OK
Time taken: 0.521 seconds
OK
Time taken: 0.105 seconds
OK
Time taken: 1.255 seconds
Query ID = hadoop_20240306085037_77f9d9a9-8997-4f12-b3d3-a4000a776d40
Total jobs = 1
Launching Job 1 out of 1
Status: Running (Executing on YARN cluster with App id application_1709712160305_0007)

Map 1: -/-	Reducer 2: 0/2	
Map 1: 0/1	Reducer 2: 0/2	
Map 1: 0/1	Reducer 2: 0/2	
Map 1: 0(+1)/1	Reducer 2: 0/2	
Map 1: 1/1	Reducer 2: 0(+1)/2	
Map 1: 1/1	Reducer 2: 2/2	
OK
Time taken: 15.427 seconds
Query ID = hadoop_20240306085053_fd4bd87f-5689-423d-b835-463d5042bec6
Total jobs = 1
Launching Job 1 out of 1
Status: Running (Executing on YARN cluster with App id application_1709712160305_0007)

Map 1: -/-	Reducer 2: 0/2	
Map 1: 0/1	Reducer 2: 0/2	
Map 1: 1/1	Reducer 2: 2/2	
OK
Time taken: 1.649 seconds
Query ID = hadoop_20240306085054_1048414a-ee54-494e-9b9b-5d95fe174b73
Total jobs = 1
Launching Job 1 out of 1
Status: Running (Executing on YARN cluster with App id application_1709712160305_0007)

Map 1: -/-	Reducer 2: 0/2	
Map 1: 0/1	Reducer 2: 0/2	
Map 1: 0(+1)/1	Reducer 2: 0/2	
Map 1: 1/1	Reducer 2: 2/2	
OK
Time taken: 1.364 seconds
Query ID = hadoop_20240306085056_b2b4a1ff-43b7-4215-b0e1-cb717e90bc05
Total jobs = 1
Launching Job 1 out of 1
Status: Running (Executing on YARN cluster with App id application_1709712160305_0007)

Map 1: -/-	Reducer 2: 0/2	
Map 1: 0/1	Reducer 2: 0/2	
Map 1: 0(+1)/1	Reducer 2: 0/2	
Map 1: 1/1	Reducer 2: 1(+1)/2	
Map 1: 1/1	Reducer 2: 2/2	
OK
Time taken: 5.842 seconds
Query ID = hadoop_20240306085101_8129e0b2-dd77-4267-a9e5-c476c7e270d7
Total jobs = 1
Launching Job 1 out of 1
Status: Running (Executing on YARN cluster with App id application_1709712160305_0007)

Map 1: -/-	Reducer 2: 0/2	
Map 1: 0/1	Reducer 2: 0/2	
Map 1: 0(+1)/1	Reducer 2: 0/2	
Map 1: 1/1	Reducer 2: 2/2	
OK
Time taken: 1.938 seconds
NoViableAltException(24@[])
	at org.apache.hadoop.hive.ql.parse.HiveParser.statement(HiveParser.java:1402)
	at org.apache.hadoop.hive.ql.parse.ParseDriver.parse(ParseDriver.java:230)
	at org.apache.hadoop.hive.ql.parse.ParseUtils.parse(ParseUtils.java:79)
	at org.apache.hadoop.hive.ql.parse.ParseUtils.parse(ParseUtils.java:72)
	at org.apache.hadoop.hive.ql.Driver.compile(Driver.java:631)
	at org.apache.hadoop.hive.ql.Driver.compileInternal(Driver.java:1871)
	at org.apache.hadoop.hive.ql.Driver.compileAndRespond(Driver.java:1818)
	at org.apache.hadoop.hive.ql.Driver.compileAndRespond(Driver.java:1813)
	at org.apache.hadoop.hive.ql.reexec.ReExecDriver.compileAndRespond(ReExecDriver.java:126)
	at org.apache.hadoop.hive.ql.reexec.ReExecDriver.run(ReExecDriver.java:214)
	at org.apache.hadoop.hive.cli.CliDriver.processLocalCmd(CliDriver.java:242)
	at org.apache.hadoop.hive.cli.CliDriver.processCmd(CliDriver.java:191)
	at org.apache.hadoop.hive.cli.CliDriver.processLine(CliDriver.java:405)
	at org.apache.hadoop.hive.cli.CliDriver.processLine(CliDriver.java:338)
	at org.apache.hadoop.hive.cli.CliDriver.executeDriver(CliDriver.java:815)
	at org.apache.hadoop.hive.cli.CliDriver.run(CliDriver.java:787)
	at org.apache.hadoop.hive.cli.CliDriver.main(CliDriver.java:709)
	at java.base/jdk.internal.reflect.NativeMethodAccessorImpl.invoke0(Native Method)
	at java.base/jdk.internal.reflect.NativeMethodAccessorImpl.invoke(NativeMethodAccessorImpl.java:77)
	at java.base/jdk.internal.reflect.DelegatingMethodAccessorImpl.invoke(DelegatingMethodAccessorImpl.java:43)
	at java.base/java.lang.reflect.Method.invoke(Method.java:568)
	at org.apache.hadoop.util.RunJar.run(RunJar.java:328)
	at org.apache.hadoop.util.RunJar.main(RunJar.java:241)
FAILED: ParseException line 1:1 cannot recognize input near 'QUERY_2' '<EOF>' '<EOF>'
38.064,29.769,1.675
1,QUERY_3,Hive Session ID = 0f624bea-cb4f-4054-a09f-804c255025f6

Logging initialized using configuration in file:/etc/hive/conf.dist/hive-log4j2.properties Async: true
OK
Time taken: 0.562 seconds
OK
Time taken: 0.113 seconds
OK
Time taken: 1.252 seconds
Query ID = hadoop_20240306085114_8cffd79d-bceb-4da1-8f1d-4aac6a5f05ef
Total jobs = 1
Launching Job 1 out of 1
Status: Running (Executing on YARN cluster with App id application_1709712160305_0009)

Map 1: -/-	Reducer 2: 0/2	
Map 1: 0/1	Reducer 2: 0/2	
Map 1: 0/1	Reducer 2: 0/2	
Map 1: 0(+1)/1	Reducer 2: 0/2	
Map 1: 1/1	Reducer 2: 0/2	
Map 1: 1/1	Reducer 2: 2/2	
OK
Time taken: 14.948 seconds
Query ID = hadoop_20240306085129_ae3d2a20-5d5a-44b2-93cf-849cc51c229f
Total jobs = 1
Launching Job 1 out of 1
Status: Running (Executing on YARN cluster with App id application_1709712160305_0009)

Map 1: -/-	Reducer 2: 0/2	
Map 1: 0/1	Reducer 2: 0/2	
Map 1: 0(+1)/1	Reducer 2: 0/2	
Map 1: 1/1	Reducer 2: 2/2	
OK
Time taken: 1.553 seconds
Query ID = hadoop_20240306085131_ab97d560-9e9a-47a7-b398-5d91834cfb6b
Total jobs = 1
Launching Job 1 out of 1
Status: Running (Executing on YARN cluster with App id application_1709712160305_0009)

Map 1: -/-	Reducer 2: 0/2	
Map 1: 0/1	Reducer 2: 0/2	
Map 1: 0(+1)/1	Reducer 2: 0/2	
Map 1: 1/1	Reducer 2: 2/2	
OK
Time taken: 1.428 seconds
Query ID = hadoop_20240306085132_d0a7c3bd-2d86-4847-b241-609cd2eb3eaa
Total jobs = 1
Launching Job 1 out of 1
Status: Running (Executing on YARN cluster with App id application_1709712160305_0009)

Map 1: -/-	Reducer 2: 0/2	
Map 1: 0/1	Reducer 2: 0/2	
Map 1: 0(+1)/1	Reducer 2: 0/2	
Map 1: 1/1	Reducer 2: 1(+1)/2	
Map 1: 1/1	Reducer 2: 2/2	
OK
Time taken: 5.828 seconds
Query ID = hadoop_20240306085138_360b8eb0-87ac-4466-a8f4-6d94e88c1b62
Total jobs = 1
Launching Job 1 out of 1
Status: Running (Executing on YARN cluster with App id application_1709712160305_0009)

Map 1: -/-	Reducer 2: 0/2	
Map 1: 0/1	Reducer 2: 0/2	
Map 1: 0(+1)/1	Reducer 2: 0/2	
Map 1: 1/1	Reducer 2: 2/2	
OK
Time taken: 1.505 seconds
NoViableAltException(24@[])
	at org.apache.hadoop.hive.ql.parse.HiveParser.statement(HiveParser.java:1402)
	at org.apache.hadoop.hive.ql.parse.ParseDriver.parse(ParseDriver.java:230)
	at org.apache.hadoop.hive.ql.parse.ParseUtils.parse(ParseUtils.java:79)
	at org.apache.hadoop.hive.ql.parse.ParseUtils.parse(ParseUtils.java:72)
	at org.apache.hadoop.hive.ql.Driver.compile(Driver.java:631)
	at org.apache.hadoop.hive.ql.Driver.compileInternal(Driver.java:1871)
	at org.apache.hadoop.hive.ql.Driver.compileAndRespond(Driver.java:1818)
	at org.apache.hadoop.hive.ql.Driver.compileAndRespond(Driver.java:1813)
	at org.apache.hadoop.hive.ql.reexec.ReExecDriver.compileAndRespond(ReExecDriver.java:126)
	at org.apache.hadoop.hive.ql.reexec.ReExecDriver.run(ReExecDriver.java:214)
	at org.apache.hadoop.hive.cli.CliDriver.processLocalCmd(CliDriver.java:242)
	at org.apache.hadoop.hive.cli.CliDriver.processCmd(CliDriver.java:191)
	at org.apache.hadoop.hive.cli.CliDriver.processLine(CliDriver.java:405)
	at org.apache.hadoop.hive.cli.CliDriver.processLine(CliDriver.java:338)
	at org.apache.hadoop.hive.cli.CliDriver.executeDriver(CliDriver.java:815)
	at org.apache.hadoop.hive.cli.CliDriver.run(CliDriver.java:787)
	at org.apache.hadoop.hive.cli.CliDriver.main(CliDriver.java:709)
	at java.base/jdk.internal.reflect.NativeMethodAccessorImpl.invoke0(Native Method)
	at java.base/jdk.internal.reflect.NativeMethodAccessorImpl.invoke(NativeMethodAccessorImpl.java:77)
	at java.base/jdk.internal.reflect.DelegatingMethodAccessorImpl.invoke(DelegatingMethodAccessorImpl.java:43)
	at java.base/java.lang.reflect.Method.invoke(Method.java:568)
	at org.apache.hadoop.util.RunJar.run(RunJar.java:328)
	at org.apache.hadoop.util.RunJar.main(RunJar.java:241)
FAILED: ParseException line 1:1 cannot recognize input near 'QUERY_3' '<EOF>' '<EOF>'
36.351,28.992,1.401
1,QUERY_4,Hive Session ID = 60429b1b-2641-4472-90e9-14e78c91d864

Logging initialized using configuration in file:/etc/hive/conf.dist/hive-log4j2.properties Async: true
OK
Time taken: 0.376 seconds
OK
Time taken: 0.115 seconds
OK
Time taken: 1.269 seconds
Query ID = hadoop_20240306085151_fa3c24ee-e40b-48a8-a4f7-d7e1fa8c1968
Total jobs = 1
Launching Job 1 out of 1
Status: Running (Executing on YARN cluster with App id application_1709712160305_0011)

Map 1: -/-	Reducer 2: 0/2	
Map 1: 0/1	Reducer 2: 0/2	
Map 1: 0(+1)/1	Reducer 2: 0/2	
Map 1: 1/1	Reducer 2: 0(+1)/2	
Map 1: 1/1	Reducer 2: 2/2	
OK
Time taken: 14.892 seconds
Query ID = hadoop_20240306085206_cf0fb3da-6d5d-4dd2-bf1b-213dfebf1bcc
Total jobs = 1
Launching Job 1 out of 1
Status: Running (Executing on YARN cluster with App id application_1709712160305_0011)

Map 1: -/-	Reducer 2: 0/2	
Map 1: 0/1	Reducer 2: 0/2	
Map 1: 1/1	Reducer 2: 2/2	
OK
Time taken: 1.674 seconds
Query ID = hadoop_20240306085207_4db6221c-8044-4dab-8c2c-e2487c625a3d
Total jobs = 1
Launching Job 1 out of 1
Status: Running (Executing on YARN cluster with App id application_1709712160305_0011)

Map 1: -/-	Reducer 2: 0/2	
Map 1: 0/1	Reducer 2: 0/2	
Map 1: 0(+1)/1	Reducer 2: 0/2	
Map 1: 1/1	Reducer 2: 2/2	
OK
Time taken: 1.326 seconds
Query ID = hadoop_20240306085209_bb79a1b0-e2a7-4ba4-8faa-2199437c50c3
Total jobs = 1
Launching Job 1 out of 1
Status: Running (Executing on YARN cluster with App id application_1709712160305_0011)

Map 1: -/-	Reducer 2: 0/2	
Map 1: 0/1	Reducer 2: 0/2	
Map 1: 0(+1)/1	Reducer 2: 0/2	
Map 1: 1/1	Reducer 2: 2/2	
OK
Time taken: 1.361 seconds
Query ID = hadoop_20240306085210_b2aa03eb-9f7c-4989-9838-4bb1c46b258d
Total jobs = 1
Launching Job 1 out of 1
Status: Running (Executing on YARN cluster with App id application_1709712160305_0011)

Map 1: -/-	Reducer 2: 0/2	
Map 1: 0/1	Reducer 2: 0/2	
Map 1: 0(+1)/1	Reducer 2: 0/2	
Map 1: 1/1	Reducer 2: 1(+1)/2	
Map 1: 1/1	Reducer 2: 2/2	
OK
Time taken: 5.436 seconds
NoViableAltException(24@[])
	at org.apache.hadoop.hive.ql.parse.HiveParser.statement(HiveParser.java:1402)
	at org.apache.hadoop.hive.ql.parse.ParseDriver.parse(ParseDriver.java:230)
	at org.apache.hadoop.hive.ql.parse.ParseUtils.parse(ParseUtils.java:79)
	at org.apache.hadoop.hive.ql.parse.ParseUtils.parse(ParseUtils.java:72)
	at org.apache.hadoop.hive.ql.Driver.compile(Driver.java:631)
	at org.apache.hadoop.hive.ql.Driver.compileInternal(Driver.java:1871)
	at org.apache.hadoop.hive.ql.Driver.compileAndRespond(Driver.java:1818)
	at org.apache.hadoop.hive.ql.Driver.compileAndRespond(Driver.java:1813)
	at org.apache.hadoop.hive.ql.reexec.ReExecDriver.compileAndRespond(ReExecDriver.java:126)
	at org.apache.hadoop.hive.ql.reexec.ReExecDriver.run(ReExecDriver.java:214)
	at org.apache.hadoop.hive.cli.CliDriver.processLocalCmd(CliDriver.java:242)
	at org.apache.hadoop.hive.cli.CliDriver.processCmd(CliDriver.java:191)
	at org.apache.hadoop.hive.cli.CliDriver.processLine(CliDriver.java:405)
	at org.apache.hadoop.hive.cli.CliDriver.processLine(CliDriver.java:338)
	at org.apache.hadoop.hive.cli.CliDriver.executeDriver(CliDriver.java:815)
	at org.apache.hadoop.hive.cli.CliDriver.run(CliDriver.java:787)
	at org.apache.hadoop.hive.cli.CliDriver.main(CliDriver.java:709)
	at java.base/jdk.internal.reflect.NativeMethodAccessorImpl.invoke0(Native Method)
	at java.base/jdk.internal.reflect.NativeMethodAccessorImpl.invoke(NativeMethodAccessorImpl.java:77)
	at java.base/jdk.internal.reflect.DelegatingMethodAccessorImpl.invoke(DelegatingMethodAccessorImpl.java:43)
	at java.base/java.lang.reflect.Method.invoke(Method.java:568)
	at org.apache.hadoop.util.RunJar.run(RunJar.java:328)
	at org.apache.hadoop.util.RunJar.main(RunJar.java:241)
FAILED: ParseException line 1:1 cannot recognize input near 'QUERY_4' '<EOF>' '<EOF>'
35.652,27.544,1.524
1,QUERY_5,Hive Session ID = 784f0501-88a8-4b72-be71-3c9cbd22e8f5

Logging initialized using configuration in file:/etc/hive/conf.dist/hive-log4j2.properties Async: true
OK
Time taken: 0.48 seconds
OK
Time taken: 0.099 seconds
OK
Time taken: 1.199 seconds
Query ID = hadoop_20240306085226_b512e64d-2218-4208-9ca3-03c05cdc24ba
Total jobs = 1
Launching Job 1 out of 1
Status: Running (Executing on YARN cluster with App id application_1709712160305_0013)

Map 1: -/-	Reducer 2: 0/2	
Map 1: 0/1	Reducer 2: 0/2	
Map 1: 0(+1)/1	Reducer 2: 0/2	
Map 1: 1/1	Reducer 2: 0(+1)/2	
Map 1: 1/1	Reducer 2: 2/2	
OK
Time taken: 14.936 seconds
Query ID = hadoop_20240306085241_d5b3744e-d70d-48a7-9ca0-abf85f7d3e1b
Total jobs = 1
Launching Job 1 out of 1
Status: Running (Executing on YARN cluster with App id application_1709712160305_0013)

Map 1: -/-	Reducer 2: 0/2	
Map 1: 0/1	Reducer 2: 0/2	
Map 1: 1/1	Reducer 2: 0(+1)/2	
Map 1: 1/1	Reducer 2: 2/2	
OK
Time taken: 1.327 seconds
Query ID = hadoop_20240306085242_1c43dcf4-33f8-4bc1-bb63-496bd1b7b401
Total jobs = 1
Launching Job 1 out of 1
Status: Running (Executing on YARN cluster with App id application_1709712160305_0013)

Map 1: -/-	Reducer 2: 0/2	
Map 1: 0/1	Reducer 2: 0/2	
Map 1: 0(+1)/1	Reducer 2: 0/2	
Map 1: 1/1	Reducer 2: 0(+1)/2	
Map 1: 1/1	Reducer 2: 2/2	
OK
Time taken: 5.662 seconds
Query ID = hadoop_20240306085248_a1bcb26f-1995-4b12-8e85-c7620da34798
Total jobs = 1
Launching Job 1 out of 1
Status: Running (Executing on YARN cluster with App id application_1709712160305_0013)

Map 1: -/-	Reducer 2: 0/2	
Map 1: 0/1	Reducer 2: 0/2	
Map 1: 0(+1)/1	Reducer 2: 0/2	
Map 1: 1/1	Reducer 2: 2/2	
OK
Time taken: 1.823 seconds
Query ID = hadoop_20240306085250_0231588a-d3b8-4fae-968c-e662993c3cf8
Total jobs = 1
Launching Job 1 out of 1
Status: Running (Executing on YARN cluster with App id application_1709712160305_0013)

Map 1: -/-	Reducer 2: 0/2	
Map 1: 0/1	Reducer 2: 0/2	
Map 1: 0(+1)/1	Reducer 2: 0/2	
Map 1: 1/1	Reducer 2: 2/2	
OK
Time taken: 1.547 seconds
NoViableAltException(24@[])
	at org.apache.hadoop.hive.ql.parse.HiveParser.statement(HiveParser.java:1402)
	at org.apache.hadoop.hive.ql.parse.ParseDriver.parse(ParseDriver.java:230)
	at org.apache.hadoop.hive.ql.parse.ParseUtils.parse(ParseUtils.java:79)
	at org.apache.hadoop.hive.ql.parse.ParseUtils.parse(ParseUtils.java:72)
	at org.apache.hadoop.hive.ql.Driver.compile(Driver.java:631)
	at org.apache.hadoop.hive.ql.Driver.compileInternal(Driver.java:1871)
	at org.apache.hadoop.hive.ql.Driver.compileAndRespond(Driver.java:1818)
	at org.apache.hadoop.hive.ql.Driver.compileAndRespond(Driver.java:1813)
	at org.apache.hadoop.hive.ql.reexec.ReExecDriver.compileAndRespond(ReExecDriver.java:126)
	at org.apache.hadoop.hive.ql.reexec.ReExecDriver.run(ReExecDriver.java:214)
	at org.apache.hadoop.hive.cli.CliDriver.processLocalCmd(CliDriver.java:242)
	at org.apache.hadoop.hive.cli.CliDriver.processCmd(CliDriver.java:191)
	at org.apache.hadoop.hive.cli.CliDriver.processLine(CliDriver.java:405)
	at org.apache.hadoop.hive.cli.CliDriver.processLine(CliDriver.java:338)
	at org.apache.hadoop.hive.cli.CliDriver.executeDriver(CliDriver.java:815)
	at org.apache.hadoop.hive.cli.CliDriver.run(CliDriver.java:787)
	at org.apache.hadoop.hive.cli.CliDriver.main(CliDriver.java:709)
	at java.base/jdk.internal.reflect.NativeMethodAccessorImpl.invoke0(Native Method)
	at java.base/jdk.internal.reflect.NativeMethodAccessorImpl.invoke(NativeMethodAccessorImpl.java:77)
	at java.base/jdk.internal.reflect.DelegatingMethodAccessorImpl.invoke(DelegatingMethodAccessorImpl.java:43)
	at java.base/java.lang.reflect.Method.invoke(Method.java:568)
	at org.apache.hadoop.util.RunJar.run(RunJar.java:328)
	at org.apache.hadoop.util.RunJar.main(RunJar.java:241)
FAILED: ParseException line 1:1 cannot recognize input near 'QUERY_5' '<EOF>' '<EOF>'
36.073,29.589,1.458
2,QUERY_1,Hive Session ID = 4407da3a-a065-4a7f-b4f6-06af8f55f1f0

Logging initialized using configuration in file:/etc/hive/conf.dist/hive-log4j2.properties Async: true
OK
Time taken: 0.387 seconds
OK
Time taken: 0.098 seconds
OK
Time taken: 1.809 seconds
Query ID = hadoop_20240306085303_8fbd3567-68ab-4c54-81b1-10632d74061a
Total jobs = 1
Launching Job 1 out of 1
Status: Running (Executing on YARN cluster with App id application_1709712160305_0015)

Map 1: -/-	Reducer 2: 0/2	
Map 1: 0/1	Reducer 2: 0/2	
Map 1: 0/1	Reducer 2: 0/2	
Map 1: 0(+1)/1	Reducer 2: 0/2	
Map 1: 1/1	Reducer 2: 0(+1)/2	
Map 1: 1/1	Reducer 2: 2/2	
OK
Time taken: 15.111 seconds
Query ID = hadoop_20240306085318_631282a6-68a8-40df-a33a-cea6706c5596
Total jobs = 1
Launching Job 1 out of 1
Status: Running (Executing on YARN cluster with App id application_1709712160305_0015)

Map 1: -/-	Reducer 2: 0/2	
Map 1: 0/1	Reducer 2: 0/2	
Map 1: 0(+1)/1	Reducer 2: 0/2	
Map 1: 1/1	Reducer 2: 2/2	
OK
Time taken: 1.65 seconds
Query ID = hadoop_20240306085319_d7bfd023-d856-4b58-93c7-44a204324379
Total jobs = 1
Launching Job 1 out of 1
Status: Running (Executing on YARN cluster with App id application_1709712160305_0015)

Map 1: -/-	Reducer 2: 0/2	
Map 1: 0/1	Reducer 2: 0/2	
Map 1: 0(+1)/1	Reducer 2: 0/2	
Map 1: 1/1	Reducer 2: 2/2	
OK
Time taken: 1.401 seconds
Query ID = hadoop_20240306085321_2081600d-cc96-4f60-a6f7-4a606eb88cb2
Total jobs = 1
Launching Job 1 out of 1
Status: Running (Executing on YARN cluster with App id application_1709712160305_0015)

Map 1: -/-	Reducer 2: 0/2	
Map 1: 0/1	Reducer 2: 0/2	
Map 1: 1/1	Reducer 2: 0(+1)/2	
Map 1: 1/1	Reducer 2: 2/2	
OK
Time taken: 1.333 seconds
Query ID = hadoop_20240306085322_5672e374-366d-44f1-b579-0eb59360f929
Total jobs = 1
Launching Job 1 out of 1
Status: Running (Executing on YARN cluster with App id application_1709712160305_0015)

Map 1: -/-	Reducer 2: 0/2	
Map 1: 0/1	Reducer 2: 0/2	
Map 1: 0(+1)/1	Reducer 2: 0/2	
Map 1: 1/1	Reducer 2: 1(+1)/2	
Map 1: 1/1	Reducer 2: 2/2	
OK
Time taken: 5.447 seconds
NoViableAltException(24@[])
	at org.apache.hadoop.hive.ql.parse.HiveParser.statement(HiveParser.java:1402)
	at org.apache.hadoop.hive.ql.parse.ParseDriver.parse(ParseDriver.java:230)
	at org.apache.hadoop.hive.ql.parse.ParseUtils.parse(ParseUtils.java:79)
	at org.apache.hadoop.hive.ql.parse.ParseUtils.parse(ParseUtils.java:72)
	at org.apache.hadoop.hive.ql.Driver.compile(Driver.java:631)
	at org.apache.hadoop.hive.ql.Driver.compileInternal(Driver.java:1871)
	at org.apache.hadoop.hive.ql.Driver.compileAndRespond(Driver.java:1818)
	at org.apache.hadoop.hive.ql.Driver.compileAndRespond(Driver.java:1813)
	at org.apache.hadoop.hive.ql.reexec.ReExecDriver.compileAndRespond(ReExecDriver.java:126)
	at org.apache.hadoop.hive.ql.reexec.ReExecDriver.run(ReExecDriver.java:214)
	at org.apache.hadoop.hive.cli.CliDriver.processLocalCmd(CliDriver.java:242)
	at org.apache.hadoop.hive.cli.CliDriver.processCmd(CliDriver.java:191)
	at org.apache.hadoop.hive.cli.CliDriver.processLine(CliDriver.java:405)
	at org.apache.hadoop.hive.cli.CliDriver.processLine(CliDriver.java:338)
	at org.apache.hadoop.hive.cli.CliDriver.executeDriver(CliDriver.java:815)
	at org.apache.hadoop.hive.cli.CliDriver.run(CliDriver.java:787)
	at org.apache.hadoop.hive.cli.CliDriver.main(CliDriver.java:709)
	at java.base/jdk.internal.reflect.NativeMethodAccessorImpl.invoke0(Native Method)
	at java.base/jdk.internal.reflect.NativeMethodAccessorImpl.invoke(NativeMethodAccessorImpl.java:77)
	at java.base/jdk.internal.reflect.DelegatingMethodAccessorImpl.invoke(DelegatingMethodAccessorImpl.java:43)
	at java.base/java.lang.reflect.Method.invoke(Method.java:568)
	at org.apache.hadoop.util.RunJar.run(RunJar.java:328)
	at org.apache.hadoop.util.RunJar.main(RunJar.java:241)
FAILED: ParseException line 1:1 cannot recognize input near 'QUERY_1' '<EOF>' '<EOF>'
36.188,28.913,1.254
2,QUERY_2,Hive Session ID = 14ae4e4b-b72d-4beb-9c2a-c830bb893420

Logging initialized using configuration in file:/etc/hive/conf.dist/hive-log4j2.properties Async: true
OK
Time taken: 0.464 seconds
OK
Time taken: 0.084 seconds
OK
Time taken: 1.221 seconds
Query ID = hadoop_20240306085340_393aa9b1-e3ed-46b1-9589-d6c7fe65e979
Total jobs = 1
Launching Job 1 out of 1
Status: Running (Executing on YARN cluster with App id application_1709712160305_0017)

Map 1: -/-	Reducer 2: 0/2	
Map 1: 0/1	Reducer 2: 0/2	
Map 1: 0(+1)/1	Reducer 2: 0/2	
Map 1: 1/1	Reducer 2: 1(+1)/2	
Map 1: 1/1	Reducer 2: 2/2	
OK
Time taken: 16.849 seconds
Query ID = hadoop_20240306085356_d0beb01a-0f98-4ee9-ae89-ca97d42634ad
Total jobs = 1
Launching Job 1 out of 1
Status: Running (Executing on YARN cluster with App id application_1709712160305_0017)

Map 1: -/-	Reducer 2: 0/2	
Map 1: 0/1	Reducer 2: 0/2	
Map 1: 1/1	Reducer 2: 2/2	
OK
Time taken: 1.666 seconds
Query ID = hadoop_20240306085358_2377509f-2c21-4190-ae3a-b10b033d9ae1
Total jobs = 1
Launching Job 1 out of 1
Status: Running (Executing on YARN cluster with App id application_1709712160305_0017)

Map 1: -/-	Reducer 2: 0/2	
Map 1: 0/1	Reducer 2: 0/2	
Map 1: 0(+1)/1	Reducer 2: 0/2	
Map 1: 1/1	Reducer 2: 2/2	
OK
Time taken: 1.317 seconds
Query ID = hadoop_20240306085359_dce7e5b3-877c-4cf0-aaa6-5a5155d782fb
Total jobs = 1
Launching Job 1 out of 1
Status: Running (Executing on YARN cluster with App id application_1709712160305_0017)

Map 1: -/-	Reducer 2: 0/2	
Map 1: 0/1	Reducer 2: 0/2	
Map 1: 0(+1)/1	Reducer 2: 0/2	
Map 1: 1/1	Reducer 2: 2/2	
OK
Time taken: 5.589 seconds
Query ID = hadoop_20240306085405_3f10960b-f8a4-4434-8ad9-8285a13f34ab
Total jobs = 1
Launching Job 1 out of 1
Status: Running (Executing on YARN cluster with App id application_1709712160305_0017)

Map 1: -/-	Reducer 2: 0/2	
Map 1: 0/1	Reducer 2: 0/2	
Map 1: 0(+1)/1	Reducer 2: 0/2	
Map 1: 1/1	Reducer 2: 2/2	
OK
Time taken: 1.53 seconds
NoViableAltException(24@[])
	at org.apache.hadoop.hive.ql.parse.HiveParser.statement(HiveParser.java:1402)
	at org.apache.hadoop.hive.ql.parse.ParseDriver.parse(ParseDriver.java:230)
	at org.apache.hadoop.hive.ql.parse.ParseUtils.parse(ParseUtils.java:79)
	at org.apache.hadoop.hive.ql.parse.ParseUtils.parse(ParseUtils.java:72)
	at org.apache.hadoop.hive.ql.Driver.compile(Driver.java:631)
	at org.apache.hadoop.hive.ql.Driver.compileInternal(Driver.java:1871)
	at org.apache.hadoop.hive.ql.Driver.compileAndRespond(Driver.java:1818)
	at org.apache.hadoop.hive.ql.Driver.compileAndRespond(Driver.java:1813)
	at org.apache.hadoop.hive.ql.reexec.ReExecDriver.compileAndRespond(ReExecDriver.java:126)
	at org.apache.hadoop.hive.ql.reexec.ReExecDriver.run(ReExecDriver.java:214)
	at org.apache.hadoop.hive.cli.CliDriver.processLocalCmd(CliDriver.java:242)
	at org.apache.hadoop.hive.cli.CliDriver.processCmd(CliDriver.java:191)
	at org.apache.hadoop.hive.cli.CliDriver.processLine(CliDriver.java:405)
	at org.apache.hadoop.hive.cli.CliDriver.processLine(CliDriver.java:338)
	at org.apache.hadoop.hive.cli.CliDriver.executeDriver(CliDriver.java:815)
	at org.apache.hadoop.hive.cli.CliDriver.run(CliDriver.java:787)
	at org.apache.hadoop.hive.cli.CliDriver.main(CliDriver.java:709)
	at java.base/jdk.internal.reflect.NativeMethodAccessorImpl.invoke0(Native Method)
	at java.base/jdk.internal.reflect.NativeMethodAccessorImpl.invoke(NativeMethodAccessorImpl.java:77)
	at java.base/jdk.internal.reflect.DelegatingMethodAccessorImpl.invoke(DelegatingMethodAccessorImpl.java:43)
	at java.base/java.lang.reflect.Method.invoke(Method.java:568)
	at org.apache.hadoop.util.RunJar.run(RunJar.java:328)
	at org.apache.hadoop.util.RunJar.main(RunJar.java:241)
FAILED: ParseException line 1:1 cannot recognize input near 'QUERY_2' '<EOF>' '<EOF>'
38.864,29.265,1.507
2,QUERY_3,Hive Session ID = 935554b3-ce0e-4f57-9e1d-f4ec7d31e28d

Logging initialized using configuration in file:/etc/hive/conf.dist/hive-log4j2.properties Async: true
OK
Time taken: 0.504 seconds
OK
Time taken: 0.094 seconds
OK
Time taken: 1.241 seconds
Query ID = hadoop_20240306085418_c3aa3fc6-c948-475d-9676-7b4c5ffb04d3
Total jobs = 1
Launching Job 1 out of 1
Status: Running (Executing on YARN cluster with App id application_1709712160305_0019)

Map 1: -/-	Reducer 2: 0/2	
Map 1: 0/1	Reducer 2: 0/2	
Map 1: 0(+1)/1	Reducer 2: 0/2	
Map 1: 1/1	Reducer 2: 0/2	
Map 1: 1/1	Reducer 2: 2/2	
OK
Time taken: 15.647 seconds
Query ID = hadoop_20240306085434_f169ce9a-2a46-43d7-beb3-bce989bbda72
Total jobs = 1
Launching Job 1 out of 1
Status: Running (Executing on YARN cluster with App id application_1709712160305_0019)

Map 1: -/-	Reducer 2: 0/2	
Map 1: 0/1	Reducer 2: 0/2	
Map 1: 1/1	Reducer 2: 0(+1)/2	
Map 1: 1/1	Reducer 2: 2/2	
OK
Time taken: 1.721 seconds
Query ID = hadoop_20240306085436_975ba9ba-3d73-4b6a-9784-2986dfd456c6
Total jobs = 1
Launching Job 1 out of 1
Status: Running (Executing on YARN cluster with App id application_1709712160305_0019)

Map 1: -/-	Reducer 2: 0/2	
Map 1: 0/1	Reducer 2: 0/2	
Map 1: 0(+1)/1	Reducer 2: 0/2	
Map 1: 1/1	Reducer 2: 2/2	
OK
Time taken: 1.506 seconds
Query ID = hadoop_20240306085437_6ca921fa-87fa-42d5-adcf-43091522d676
Total jobs = 1
Launching Job 1 out of 1
Status: Running (Executing on YARN cluster with App id application_1709712160305_0019)

Map 1: -/-	Reducer 2: 0/2	
Map 1: 0/1	Reducer 2: 0/2	
Map 1: 0(+1)/1	Reducer 2: 0/2	
Map 1: 1/1	Reducer 2: 2/2	
OK
Time taken: 1.346 seconds
Query ID = hadoop_20240306085439_6eec04eb-7ee1-4393-b510-a3f8af07f427
Total jobs = 1
Launching Job 1 out of 1
Status: Running (Executing on YARN cluster with App id application_1709712160305_0019)

Map 1: -/-	Reducer 2: 0/2	
Map 1: 0/1	Reducer 2: 0/2	
Map 1: 0(+1)/1	Reducer 2: 0/2	
Map 1: 1/1	Reducer 2: 2/2	
OK
Time taken: 1.312 seconds
NoViableAltException(24@[])
	at org.apache.hadoop.hive.ql.parse.HiveParser.statement(HiveParser.java:1402)
	at org.apache.hadoop.hive.ql.parse.ParseDriver.parse(ParseDriver.java:230)
	at org.apache.hadoop.hive.ql.parse.ParseUtils.parse(ParseUtils.java:79)
	at org.apache.hadoop.hive.ql.parse.ParseUtils.parse(ParseUtils.java:72)
	at org.apache.hadoop.hive.ql.Driver.compile(Driver.java:631)
	at org.apache.hadoop.hive.ql.Driver.compileInternal(Driver.java:1871)
	at org.apache.hadoop.hive.ql.Driver.compileAndRespond(Driver.java:1818)
	at org.apache.hadoop.hive.ql.Driver.compileAndRespond(Driver.java:1813)
	at org.apache.hadoop.hive.ql.reexec.ReExecDriver.compileAndRespond(ReExecDriver.java:126)
	at org.apache.hadoop.hive.ql.reexec.ReExecDriver.run(ReExecDriver.java:214)
	at org.apache.hadoop.hive.cli.CliDriver.processLocalCmd(CliDriver.java:242)
	at org.apache.hadoop.hive.cli.CliDriver.processCmd(CliDriver.java:191)
	at org.apache.hadoop.hive.cli.CliDriver.processLine(CliDriver.java:405)
	at org.apache.hadoop.hive.cli.CliDriver.processLine(CliDriver.java:338)
	at org.apache.hadoop.hive.cli.CliDriver.executeDriver(CliDriver.java:815)
	at org.apache.hadoop.hive.cli.CliDriver.run(CliDriver.java:787)
	at org.apache.hadoop.hive.cli.CliDriver.main(CliDriver.java:709)
	at java.base/jdk.internal.reflect.NativeMethodAccessorImpl.invoke0(Native Method)
	at java.base/jdk.internal.reflect.NativeMethodAccessorImpl.invoke(NativeMethodAccessorImpl.java:77)
	at java.base/jdk.internal.reflect.DelegatingMethodAccessorImpl.invoke(DelegatingMethodAccessorImpl.java:43)
	at java.base/java.lang.reflect.Method.invoke(Method.java:568)
	at org.apache.hadoop.util.RunJar.run(RunJar.java:328)
	at org.apache.hadoop.util.RunJar.main(RunJar.java:241)
FAILED: ParseException line 1:1 cannot recognize input near 'QUERY_3' '<EOF>' '<EOF>'
33.513,30.238,1.477
2,QUERY_4,Hive Session ID = 04a4b999-223d-4ef8-9a4d-41f9a6db33ab

Logging initialized using configuration in file:/etc/hive/conf.dist/hive-log4j2.properties Async: true
OK
Time taken: 0.426 seconds
OK
Time taken: 0.09 seconds
OK
Time taken: 1.264 seconds
Query ID = hadoop_20240306085452_434a164e-459a-4a8b-abb8-36a65e2ab26e
Total jobs = 1
Launching Job 1 out of 1
Status: Running (Executing on YARN cluster with App id application_1709712160305_0021)

Map 1: -/-	Reducer 2: 0/2	
Map 1: 0/1	Reducer 2: 0/2	
Map 1: 0/1	Reducer 2: 0/2	
Map 1: 0(+1)/1	Reducer 2: 0/2	
Map 1: 1/1	Reducer 2: 0(+1)/2	
Map 1: 1/1	Reducer 2: 2/2	
OK
Time taken: 17.964 seconds
Query ID = hadoop_20240306085510_f30611e3-72e7-4d4c-ba33-b0574da6d1c3
Total jobs = 1
Launching Job 1 out of 1
Status: Running (Executing on YARN cluster with App id application_1709712160305_0021)

Map 1: -/-	Reducer 2: 0/2	
Map 1: 0/1	Reducer 2: 0/2	
Map 1: 1/1	Reducer 2: 2/2	
OK
Time taken: 2.064 seconds
Query ID = hadoop_20240306085512_043029aa-c23c-4dc3-bfef-0befde855248
Total jobs = 1
Launching Job 1 out of 1
Status: Running (Executing on YARN cluster with App id application_1709712160305_0021)

Map 1: -/-	Reducer 2: 0/2	
Map 1: 0/1	Reducer 2: 0/2	
Map 1: 0(+1)/1	Reducer 2: 0/2	
Map 1: 1/1	Reducer 2: 2/2	
OK
Time taken: 1.436 seconds
Query ID = hadoop_20240306085513_c0aeee79-3615-49c0-b314-eb37ee50acad
Total jobs = 1
Launching Job 1 out of 1
Status: Running (Executing on YARN cluster with App id application_1709712160305_0021)

Map 1: -/-	Reducer 2: 0/2	
Map 1: 0/1	Reducer 2: 0/2	
Map 1: 0(+1)/1	Reducer 2: 0/2	
Map 1: 1/1	Reducer 2: 2/2	
OK
Time taken: 1.328 seconds
Query ID = hadoop_20240306085514_faa062f3-fdf6-4a9e-99ec-a614af4eab51
Total jobs = 1
Launching Job 1 out of 1
Status: Running (Executing on YARN cluster with App id application_1709712160305_0021)

Map 1: -/-	Reducer 2: 0/2	
Map 1: 0/1	Reducer 2: 0/2	
Map 1: 0(+1)/1	Reducer 2: 0/2	
Map 1: 1/1	Reducer 2: 2/2	
OK
Time taken: 1.34 seconds
NoViableAltException(24@[])
	at org.apache.hadoop.hive.ql.parse.HiveParser.statement(HiveParser.java:1402)
	at org.apache.hadoop.hive.ql.parse.ParseDriver.parse(ParseDriver.java:230)
	at org.apache.hadoop.hive.ql.parse.ParseUtils.parse(ParseUtils.java:79)
	at org.apache.hadoop.hive.ql.parse.ParseUtils.parse(ParseUtils.java:72)
	at org.apache.hadoop.hive.ql.Driver.compile(Driver.java:631)
	at org.apache.hadoop.hive.ql.Driver.compileInternal(Driver.java:1871)
	at org.apache.hadoop.hive.ql.Driver.compileAndRespond(Driver.java:1818)
	at org.apache.hadoop.hive.ql.Driver.compileAndRespond(Driver.java:1813)
	at org.apache.hadoop.hive.ql.reexec.ReExecDriver.compileAndRespond(ReExecDriver.java:126)
	at org.apache.hadoop.hive.ql.reexec.ReExecDriver.run(ReExecDriver.java:214)
	at org.apache.hadoop.hive.cli.CliDriver.processLocalCmd(CliDriver.java:242)
	at org.apache.hadoop.hive.cli.CliDriver.processCmd(CliDriver.java:191)
	at org.apache.hadoop.hive.cli.CliDriver.processLine(CliDriver.java:405)
	at org.apache.hadoop.hive.cli.CliDriver.processLine(CliDriver.java:338)
	at org.apache.hadoop.hive.cli.CliDriver.executeDriver(CliDriver.java:815)
	at org.apache.hadoop.hive.cli.CliDriver.run(CliDriver.java:787)
	at org.apache.hadoop.hive.cli.CliDriver.main(CliDriver.java:709)
	at java.base/jdk.internal.reflect.NativeMethodAccessorImpl.invoke0(Native Method)
	at java.base/jdk.internal.reflect.NativeMethodAccessorImpl.invoke(NativeMethodAccessorImpl.java:77)
	at java.base/jdk.internal.reflect.DelegatingMethodAccessorImpl.invoke(DelegatingMethodAccessorImpl.java:43)
	at java.base/java.lang.reflect.Method.invoke(Method.java:568)
	at org.apache.hadoop.util.RunJar.run(RunJar.java:328)
	at org.apache.hadoop.util.RunJar.main(RunJar.java:241)
FAILED: ParseException line 1:1 cannot recognize input near 'QUERY_4' '<EOF>' '<EOF>'
35.733,28.631,1.689
2,QUERY_5,Hive Session ID = ab74df36-4e31-4ddf-8348-157366b20f0f

Logging initialized using configuration in file:/etc/hive/conf.dist/hive-log4j2.properties Async: true
OK
Time taken: 0.435 seconds
OK
Time taken: 0.101 seconds
OK
Time taken: 1.227 seconds
Query ID = hadoop_20240306085529_70fa0fee-556b-4b54-83d2-699da8a530c5
Total jobs = 1
Launching Job 1 out of 1
Status: Running (Executing on YARN cluster with App id application_1709712160305_0023)

Map 1: -/-	Reducer 2: 0/2	
Map 1: 0/1	Reducer 2: 0/2	
Map 1: 0/1	Reducer 2: 0/2	
Map 1: 0(+1)/1	Reducer 2: 0/2	
Map 1: 1/1	Reducer 2: 0(+1)/2	
Map 1: 1/1	Reducer 2: 2/2	
OK
Time taken: 17.476 seconds
Query ID = hadoop_20240306085547_416e7004-453c-4616-a00a-2e6986cd0dab
Total jobs = 1
Launching Job 1 out of 1
Status: Running (Executing on YARN cluster with App id application_1709712160305_0023)

Map 1: -/-	Reducer 2: 0/2	
Map 1: 0/1	Reducer 2: 0/2	
Map 1: 1/1	Reducer 2: 0(+1)/2	
Map 1: 1/1	Reducer 2: 2/2	
OK
Time taken: 1.332 seconds
Query ID = hadoop_20240306085548_324a1d53-dc7d-4582-a7d9-48f70d614d92
Total jobs = 1
Launching Job 1 out of 1
Status: Running (Executing on YARN cluster with App id application_1709712160305_0023)

Map 1: -/-	Reducer 2: 0/2	
Map 1: 0/1	Reducer 2: 0/2	
Map 1: 0(+1)/1	Reducer 2: 0/2	
Map 1: 1/1	Reducer 2: 0/2	
Map 1: 1/1	Reducer 2: 2/2	
OK
Time taken: 5.643 seconds
Query ID = hadoop_20240306085554_522a832b-3a90-4ff3-b59d-74127d82eaf5
Total jobs = 1
Launching Job 1 out of 1
Status: Running (Executing on YARN cluster with App id application_1709712160305_0023)

Map 1: -/-	Reducer 2: 0/2	
Map 1: 0/1	Reducer 2: 0/2	
Map 1: 0(+1)/1	Reducer 2: 0/2	
Map 1: 1/1	Reducer 2: 2/2	
OK
Time taken: 1.409 seconds
Query ID = hadoop_20240306085555_f761b68f-eab9-41e8-b1fe-b188d4db6a4d
Total jobs = 1
Launching Job 1 out of 1
Status: Running (Executing on YARN cluster with App id application_1709712160305_0023)

Map 1: -/-	Reducer 2: 0/2	
Map 1: 0/1	Reducer 2: 0/2	
Map 1: 0(+1)/1	Reducer 2: 0/2	
Map 1: 1/1	Reducer 2: 2/2	
OK
Time taken: 5.112 seconds
NoViableAltException(24@[])
	at org.apache.hadoop.hive.ql.parse.HiveParser.statement(HiveParser.java:1402)
	at org.apache.hadoop.hive.ql.parse.ParseDriver.parse(ParseDriver.java:230)
	at org.apache.hadoop.hive.ql.parse.ParseUtils.parse(ParseUtils.java:79)
	at org.apache.hadoop.hive.ql.parse.ParseUtils.parse(ParseUtils.java:72)
	at org.apache.hadoop.hive.ql.Driver.compile(Driver.java:631)
	at org.apache.hadoop.hive.ql.Driver.compileInternal(Driver.java:1871)
	at org.apache.hadoop.hive.ql.Driver.compileAndRespond(Driver.java:1818)
	at org.apache.hadoop.hive.ql.Driver.compileAndRespond(Driver.java:1813)
	at org.apache.hadoop.hive.ql.reexec.ReExecDriver.compileAndRespond(ReExecDriver.java:126)
	at org.apache.hadoop.hive.ql.reexec.ReExecDriver.run(ReExecDriver.java:214)
	at org.apache.hadoop.hive.cli.CliDriver.processLocalCmd(CliDriver.java:242)
	at org.apache.hadoop.hive.cli.CliDriver.processCmd(CliDriver.java:191)
	at org.apache.hadoop.hive.cli.CliDriver.processLine(CliDriver.java:405)
	at org.apache.hadoop.hive.cli.CliDriver.processLine(CliDriver.java:338)
	at org.apache.hadoop.hive.cli.CliDriver.executeDriver(CliDriver.java:815)
	at org.apache.hadoop.hive.cli.CliDriver.run(CliDriver.java:787)
	at org.apache.hadoop.hive.cli.CliDriver.main(CliDriver.java:709)
	at java.base/jdk.internal.reflect.NativeMethodAccessorImpl.invoke0(Native Method)
	at java.base/jdk.internal.reflect.NativeMethodAccessorImpl.invoke(NativeMethodAccessorImpl.java:77)
	at java.base/jdk.internal.reflect.DelegatingMethodAccessorImpl.invoke(DelegatingMethodAccessorImpl.java:43)
	at java.base/java.lang.reflect.Method.invoke(Method.java:568)
	at org.apache.hadoop.util.RunJar.run(RunJar.java:328)
	at org.apache.hadoop.util.RunJar.main(RunJar.java:241)
FAILED: ParseException line 1:1 cannot recognize input near 'QUERY_5' '<EOF>' '<EOF>'
44.362,30.347,1.478
3,QUERY_1,Hive Session ID = c8646fbf-1da3-4143-896f-2c0d6aa86b13

Logging initialized using configuration in file:/etc/hive/conf.dist/hive-log4j2.properties Async: true
OK
Time taken: 0.436 seconds
OK
Time taken: 0.092 seconds
OK
Time taken: 1.175 seconds
Query ID = hadoop_20240306085611_ce51a09b-4446-48fa-b07a-9b4fccad1124
Total jobs = 1
Launching Job 1 out of 1
Status: Running (Executing on YARN cluster with App id application_1709712160305_0025)

Map 1: -/-	Reducer 2: 0/2	
Map 1: 0/1	Reducer 2: 0/2	
Map 1: 0(+1)/1	Reducer 2: 0/2	
Map 1: 1/1	Reducer 2: 0(+1)/2	
Map 1: 1/1	Reducer 2: 2/2	
OK
Time taken: 15.307 seconds
Query ID = hadoop_20240306085626_4d8b7272-7ddd-4035-8dbe-e09e6399f584
Total jobs = 1
Launching Job 1 out of 1
Status: Running (Executing on YARN cluster with App id application_1709712160305_0025)

Map 1: -/-	Reducer 2: 0/2	
Map 1: 0/1	Reducer 2: 0/2	
Map 1: 0(+1)/1	Reducer 2: 0/2	
Map 1: 1/1	Reducer 2: 2/2	
OK
Time taken: 1.604 seconds
Query ID = hadoop_20240306085628_f368bd31-e977-46c4-a808-922e4d2ff24e
Total jobs = 1
Launching Job 1 out of 1
Status: Running (Executing on YARN cluster with App id application_1709712160305_0025)

Map 1: -/-	Reducer 2: 0/2	
Map 1: 0/1	Reducer 2: 0/2	
Map 1: 0(+1)/1	Reducer 2: 0/2	
Map 1: 1/1	Reducer 2: 2/2	
OK
Time taken: 1.386 seconds
Query ID = hadoop_20240306085629_44b36659-eb98-4ffb-b0e6-a9b559350636
Total jobs = 1
Launching Job 1 out of 1
Status: Running (Executing on YARN cluster with App id application_1709712160305_0025)

Map 1: -/-	Reducer 2: 0/2	
Map 1: 0/1	Reducer 2: 0/2	
Map 1: 0(+1)/1	Reducer 2: 0/2	
Map 1: 1/1	Reducer 2: 2/2	
OK
Time taken: 1.328 seconds
Query ID = hadoop_20240306085630_02c28d0b-effc-40d5-9371-2ae16a2f00e9
Total jobs = 1
Launching Job 1 out of 1
Status: Running (Executing on YARN cluster with App id application_1709712160305_0025)

Map 1: -/-	Reducer 2: 0/2	
Map 1: 0/1	Reducer 2: 0/2	
Map 1: 0(+1)/1	Reducer 2: 0/2	
Map 1: 1/1	Reducer 2: 1(+1)/2	
Map 1: 1/1	Reducer 2: 2/2	
OK
Time taken: 5.487 seconds
NoViableAltException(24@[])
	at org.apache.hadoop.hive.ql.parse.HiveParser.statement(HiveParser.java:1402)
	at org.apache.hadoop.hive.ql.parse.ParseDriver.parse(ParseDriver.java:230)
	at org.apache.hadoop.hive.ql.parse.ParseUtils.parse(ParseUtils.java:79)
	at org.apache.hadoop.hive.ql.parse.ParseUtils.parse(ParseUtils.java:72)
	at org.apache.hadoop.hive.ql.Driver.compile(Driver.java:631)
	at org.apache.hadoop.hive.ql.Driver.compileInternal(Driver.java:1871)
	at org.apache.hadoop.hive.ql.Driver.compileAndRespond(Driver.java:1818)
	at org.apache.hadoop.hive.ql.Driver.compileAndRespond(Driver.java:1813)
	at org.apache.hadoop.hive.ql.reexec.ReExecDriver.compileAndRespond(ReExecDriver.java:126)
	at org.apache.hadoop.hive.ql.reexec.ReExecDriver.run(ReExecDriver.java:214)
	at org.apache.hadoop.hive.cli.CliDriver.processLocalCmd(CliDriver.java:242)
	at org.apache.hadoop.hive.cli.CliDriver.processCmd(CliDriver.java:191)
	at org.apache.hadoop.hive.cli.CliDriver.processLine(CliDriver.java:405)
	at org.apache.hadoop.hive.cli.CliDriver.processLine(CliDriver.java:338)
	at org.apache.hadoop.hive.cli.CliDriver.executeDriver(CliDriver.java:815)
	at org.apache.hadoop.hive.cli.CliDriver.run(CliDriver.java:787)
	at org.apache.hadoop.hive.cli.CliDriver.main(CliDriver.java:709)
	at java.base/jdk.internal.reflect.NativeMethodAccessorImpl.invoke0(Native Method)
	at java.base/jdk.internal.reflect.NativeMethodAccessorImpl.invoke(NativeMethodAccessorImpl.java:77)
	at java.base/jdk.internal.reflect.DelegatingMethodAccessorImpl.invoke(DelegatingMethodAccessorImpl.java:43)
	at java.base/java.lang.reflect.Method.invoke(Method.java:568)
	at org.apache.hadoop.util.RunJar.run(RunJar.java:328)
	at org.apache.hadoop.util.RunJar.main(RunJar.java:241)
FAILED: ParseException line 1:1 cannot recognize input near 'QUERY_1' '<EOF>' '<EOF>'
35.622,27.824,1.409
3,QUERY_2,Hive Session ID = 8debd295-99b2-4d29-9bd8-ebd66ba66a76

Logging initialized using configuration in file:/etc/hive/conf.dist/hive-log4j2.properties Async: true
OK
Time taken: 0.46 seconds
OK
Time taken: 0.102 seconds
OK
Time taken: 1.162 seconds
Query ID = hadoop_20240306085646_04c5f375-53f3-4208-aec3-93040a5de10c
Total jobs = 1
Launching Job 1 out of 1
Status: Running (Executing on YARN cluster with App id application_1709712160305_0027)

Map 1: -/-	Reducer 2: 0/2	
Map 1: 0/1	Reducer 2: 0/2	
Map 1: 0(+1)/1	Reducer 2: 0/2	
Map 1: 1/1	Reducer 2: 0(+1)/2	
Map 1: 1/1	Reducer 2: 2/2	
OK
Time taken: 16.507 seconds
Query ID = hadoop_20240306085703_e82e585b-8de9-4f51-a148-4fa100e6ff2b
Total jobs = 1
Launching Job 1 out of 1
Status: Running (Executing on YARN cluster with App id application_1709712160305_0027)

Map 1: -/-	Reducer 2: 0/2	
Map 1: 0/1	Reducer 2: 0/2	
Map 1: 1/1	Reducer 2: 2/2	
OK
Time taken: 1.637 seconds
Query ID = hadoop_20240306085705_ca082c8b-3625-4fde-acfa-87514268d8af
Total jobs = 1
Launching Job 1 out of 1
Status: Running (Executing on YARN cluster with App id application_1709712160305_0027)

Map 1: -/-	Reducer 2: 0/2	
Map 1: 0/1	Reducer 2: 0/2	
Map 1: 0(+1)/1	Reducer 2: 0/2	
Map 1: 1/1	Reducer 2: 2/2	
OK
Time taken: 1.377 seconds
Query ID = hadoop_20240306085706_e601bca0-863f-4915-85aa-9617ea9f55af
Total jobs = 1
Launching Job 1 out of 1
Status: Running (Executing on YARN cluster with App id application_1709712160305_0027)

Map 1: -/-	Reducer 2: 0/2	
Map 1: 0/1	Reducer 2: 0/2	
Map 1: 0(+1)/1	Reducer 2: 0/2	
Map 1: 1/1	Reducer 2: 1(+1)/2	
Map 1: 1/1	Reducer 2: 2/2	
OK
Time taken: 5.453 seconds
Query ID = hadoop_20240306085711_d961d906-a8ae-49dd-a374-0cf0dec213bb
Total jobs = 1
Launching Job 1 out of 1
Status: Running (Executing on YARN cluster with App id application_1709712160305_0027)

Map 1: -/-	Reducer 2: 0/2	
Map 1: 0/1	Reducer 2: 0/2	
Map 1: 0(+1)/1	Reducer 2: 0/2	
Map 1: 1/1	Reducer 2: 2/2	
OK
Time taken: 1.793 seconds
NoViableAltException(24@[])
	at org.apache.hadoop.hive.ql.parse.HiveParser.statement(HiveParser.java:1402)
	at org.apache.hadoop.hive.ql.parse.ParseDriver.parse(ParseDriver.java:230)
	at org.apache.hadoop.hive.ql.parse.ParseUtils.parse(ParseUtils.java:79)
	at org.apache.hadoop.hive.ql.parse.ParseUtils.parse(ParseUtils.java:72)
	at org.apache.hadoop.hive.ql.Driver.compile(Driver.java:631)
	at org.apache.hadoop.hive.ql.Driver.compileInternal(Driver.java:1871)
	at org.apache.hadoop.hive.ql.Driver.compileAndRespond(Driver.java:1818)
	at org.apache.hadoop.hive.ql.Driver.compileAndRespond(Driver.java:1813)
	at org.apache.hadoop.hive.ql.reexec.ReExecDriver.compileAndRespond(ReExecDriver.java:126)
	at org.apache.hadoop.hive.ql.reexec.ReExecDriver.run(ReExecDriver.java:214)
	at org.apache.hadoop.hive.cli.CliDriver.processLocalCmd(CliDriver.java:242)
	at org.apache.hadoop.hive.cli.CliDriver.processCmd(CliDriver.java:191)
	at org.apache.hadoop.hive.cli.CliDriver.processLine(CliDriver.java:405)
	at org.apache.hadoop.hive.cli.CliDriver.processLine(CliDriver.java:338)
	at org.apache.hadoop.hive.cli.CliDriver.executeDriver(CliDriver.java:815)
	at org.apache.hadoop.hive.cli.CliDriver.run(CliDriver.java:787)
	at org.apache.hadoop.hive.cli.CliDriver.main(CliDriver.java:709)
	at java.base/jdk.internal.reflect.NativeMethodAccessorImpl.invoke0(Native Method)
	at java.base/jdk.internal.reflect.NativeMethodAccessorImpl.invoke(NativeMethodAccessorImpl.java:77)
	at java.base/jdk.internal.reflect.DelegatingMethodAccessorImpl.invoke(DelegatingMethodAccessorImpl.java:43)
	at java.base/java.lang.reflect.Method.invoke(Method.java:568)
	at org.apache.hadoop.util.RunJar.run(RunJar.java:328)
	at org.apache.hadoop.util.RunJar.main(RunJar.java:241)
FAILED: ParseException line 1:1 cannot recognize input near 'QUERY_2' '<EOF>' '<EOF>'
37.459,28.921,1.567
3,QUERY_3,Hive Session ID = 61d510ad-82fa-4276-8205-56ddb6986e7c

Logging initialized using configuration in file:/etc/hive/conf.dist/hive-log4j2.properties Async: true
OK
Time taken: 0.492 seconds
OK
Time taken: 0.101 seconds
OK
Time taken: 1.202 seconds
Query ID = hadoop_20240306085724_1d4f7d75-4047-42ef-9d43-ae38c20cd435
Total jobs = 1
Launching Job 1 out of 1
Status: Running (Executing on YARN cluster with App id application_1709712160305_0029)

Map 1: -/-	Reducer 2: 0/2	
Map 1: 0/1	Reducer 2: 0/2	
Map 1: 0(+1)/1	Reducer 2: 0/2	
Map 1: 1/1	Reducer 2: 0(+1)/2	
Map 1: 1/1	Reducer 2: 2/2	
OK
Time taken: 15.38 seconds
Query ID = hadoop_20240306085740_df2fd844-f063-44ca-a5b9-bed355acb3bc
Total jobs = 1
Launching Job 1 out of 1
Status: Running (Executing on YARN cluster with App id application_1709712160305_0029)

Map 1: -/-	Reducer 2: 0/2	
Map 1: 0/1	Reducer 2: 0/2	
Map 1: 0(+1)/1	Reducer 2: 0/2	
Map 1: 1/1	Reducer 2: 2/2	
OK
Time taken: 1.362 seconds
Query ID = hadoop_20240306085741_dd39f29e-9e2d-4886-a0b2-94119928b87b
Total jobs = 1
Launching Job 1 out of 1
Status: Running (Executing on YARN cluster with App id application_1709712160305_0029)

Map 1: -/-	Reducer 2: 0/2	
Map 1: 0/1	Reducer 2: 0/2	
Map 1: 0(+1)/1	Reducer 2: 0/2	
Map 1: 1/1	Reducer 2: 2/2	
OK
Time taken: 1.339 seconds
Query ID = hadoop_20240306085742_35e987ad-15f4-4962-b989-beab13542ceb
Total jobs = 1
Launching Job 1 out of 1
Status: Running (Executing on YARN cluster with App id application_1709712160305_0029)

Map 1: -/-	Reducer 2: 0/2	
Map 1: 0/1	Reducer 2: 0/2	
Map 1: 0(+1)/1	Reducer 2: 0/2	
Map 1: 1/1	Reducer 2: 2/2	
OK
Time taken: 1.794 seconds
Query ID = hadoop_20240306085744_ffd930df-f02c-416f-b3af-b6e2025405dc
Total jobs = 1
Launching Job 1 out of 1
Status: Running (Executing on YARN cluster with App id application_1709712160305_0029)

Map 1: -/-	Reducer 2: 0/2	
Map 1: 0/1	Reducer 2: 0/2	
Map 1: 0(+1)/1	Reducer 2: 0/2	
Map 1: 1/1	Reducer 2: 2/2	
OK
Time taken: 1.817 seconds
NoViableAltException(24@[])
	at org.apache.hadoop.hive.ql.parse.HiveParser.statement(HiveParser.java:1402)
	at org.apache.hadoop.hive.ql.parse.ParseDriver.parse(ParseDriver.java:230)
	at org.apache.hadoop.hive.ql.parse.ParseUtils.parse(ParseUtils.java:79)
	at org.apache.hadoop.hive.ql.parse.ParseUtils.parse(ParseUtils.java:72)
	at org.apache.hadoop.hive.ql.Driver.compile(Driver.java:631)
	at org.apache.hadoop.hive.ql.Driver.compileInternal(Driver.java:1871)
	at org.apache.hadoop.hive.ql.Driver.compileAndRespond(Driver.java:1818)
	at org.apache.hadoop.hive.ql.Driver.compileAndRespond(Driver.java:1813)
	at org.apache.hadoop.hive.ql.reexec.ReExecDriver.compileAndRespond(ReExecDriver.java:126)
	at org.apache.hadoop.hive.ql.reexec.ReExecDriver.run(ReExecDriver.java:214)
	at org.apache.hadoop.hive.cli.CliDriver.processLocalCmd(CliDriver.java:242)
	at org.apache.hadoop.hive.cli.CliDriver.processCmd(CliDriver.java:191)
	at org.apache.hadoop.hive.cli.CliDriver.processLine(CliDriver.java:405)
	at org.apache.hadoop.hive.cli.CliDriver.processLine(CliDriver.java:338)
	at org.apache.hadoop.hive.cli.CliDriver.executeDriver(CliDriver.java:815)
	at org.apache.hadoop.hive.cli.CliDriver.run(CliDriver.java:787)
	at org.apache.hadoop.hive.cli.CliDriver.main(CliDriver.java:709)
	at java.base/jdk.internal.reflect.NativeMethodAccessorImpl.invoke0(Native Method)
	at java.base/jdk.internal.reflect.NativeMethodAccessorImpl.invoke(NativeMethodAccessorImpl.java:77)
	at java.base/jdk.internal.reflect.DelegatingMethodAccessorImpl.invoke(DelegatingMethodAccessorImpl.java:43)
	at java.base/java.lang.reflect.Method.invoke(Method.java:568)
	at org.apache.hadoop.util.RunJar.run(RunJar.java:328)
	at org.apache.hadoop.util.RunJar.main(RunJar.java:241)
FAILED: ParseException line 1:1 cannot recognize input near 'QUERY_3' '<EOF>' '<EOF>'
32.855,28.864,1.653
3,QUERY_4,Hive Session ID = 12d6ea9a-fb90-4dd6-82c9-80343a16d7e3

Logging initialized using configuration in file:/etc/hive/conf.dist/hive-log4j2.properties Async: true
OK
Time taken: 0.522 seconds
OK
Time taken: 0.091 seconds
OK
Time taken: 1.214 seconds
Query ID = hadoop_20240306085757_9e200d1c-ffd7-4518-81b2-accffc470204
Total jobs = 1
Launching Job 1 out of 1
Status: Running (Executing on YARN cluster with App id application_1709712160305_0031)

Map 1: -/-	Reducer 2: 0/2	
Map 1: 0/1	Reducer 2: 0/2	
Map 1: 0/1	Reducer 2: 0/2	
Map 1: 0(+1)/1	Reducer 2: 0/2	
Map 1: 1/1	Reducer 2: 0/2	
Map 1: 1/1	Reducer 2: 2/2	
OK
Time taken: 15.286 seconds
Query ID = hadoop_20240306085812_44812dbe-113b-4e4a-860e-70b8f709c5d9
Total jobs = 1
Launching Job 1 out of 1
Status: Running (Executing on YARN cluster with App id application_1709712160305_0031)

Map 1: -/-	Reducer 2: 0/2	
Map 1: 0/1	Reducer 2: 0/2	
Map 1: 1/1	Reducer 2: 0(+1)/2	
Map 1: 1/1	Reducer 2: 2/2	
OK
Time taken: 1.312 seconds
Query ID = hadoop_20240306085814_49b154ea-32dc-4116-9f3d-17c7239b173f
Total jobs = 1
Launching Job 1 out of 1
Status: Running (Executing on YARN cluster with App id application_1709712160305_0031)

Map 1: -/-	Reducer 2: 0/2	
Map 1: 0/1	Reducer 2: 0/2	
Map 1: 0(+1)/1	Reducer 2: 0/2	
Map 1: 1/1	Reducer 2: 0(+1)/2	
Map 1: 1/1	Reducer 2: 2/2	
OK
Time taken: 5.486 seconds
Query ID = hadoop_20240306085819_875a8f2b-9fbe-4ae6-b1d8-d7de7e2650e2
Total jobs = 1
Launching Job 1 out of 1
Status: Running (Executing on YARN cluster with App id application_1709712160305_0031)

Map 1: -/-	Reducer 2: 0/2	
Map 1: 0/1	Reducer 2: 0/2	
Map 1: 1/1	Reducer 2: 0(+1)/2	
Map 1: 1/1	Reducer 2: 2/2	
OK
Time taken: 1.4 seconds
Query ID = hadoop_20240306085820_d34c0ab7-97a5-46ba-bc36-beef77a7c928
Total jobs = 1
Launching Job 1 out of 1
Status: Running (Executing on YARN cluster with App id application_1709712160305_0031)

Map 1: -/-	Reducer 2: 0/2	
Map 1: 0/1	Reducer 2: 0/2	
Map 1: 0(+1)/1	Reducer 2: 0/2	
Map 1: 1/1	Reducer 2: 0/2	
Map 1: 1/1	Reducer 2: 2/2	
OK
Time taken: 5.392 seconds
NoViableAltException(24@[])
	at org.apache.hadoop.hive.ql.parse.HiveParser.statement(HiveParser.java:1402)
	at org.apache.hadoop.hive.ql.parse.ParseDriver.parse(ParseDriver.java:230)
	at org.apache.hadoop.hive.ql.parse.ParseUtils.parse(ParseUtils.java:79)
	at org.apache.hadoop.hive.ql.parse.ParseUtils.parse(ParseUtils.java:72)
	at org.apache.hadoop.hive.ql.Driver.compile(Driver.java:631)
	at org.apache.hadoop.hive.ql.Driver.compileInternal(Driver.java:1871)
	at org.apache.hadoop.hive.ql.Driver.compileAndRespond(Driver.java:1818)
	at org.apache.hadoop.hive.ql.Driver.compileAndRespond(Driver.java:1813)
	at org.apache.hadoop.hive.ql.reexec.ReExecDriver.compileAndRespond(ReExecDriver.java:126)
	at org.apache.hadoop.hive.ql.reexec.ReExecDriver.run(ReExecDriver.java:214)
	at org.apache.hadoop.hive.cli.CliDriver.processLocalCmd(CliDriver.java:242)
	at org.apache.hadoop.hive.cli.CliDriver.processCmd(CliDriver.java:191)
	at org.apache.hadoop.hive.cli.CliDriver.processLine(CliDriver.java:405)
	at org.apache.hadoop.hive.cli.CliDriver.processLine(CliDriver.java:338)
	at org.apache.hadoop.hive.cli.CliDriver.executeDriver(CliDriver.java:815)
	at org.apache.hadoop.hive.cli.CliDriver.run(CliDriver.java:787)
	at org.apache.hadoop.hive.cli.CliDriver.main(CliDriver.java:709)
	at java.base/jdk.internal.reflect.NativeMethodAccessorImpl.invoke0(Native Method)
	at java.base/jdk.internal.reflect.NativeMethodAccessorImpl.invoke(NativeMethodAccessorImpl.java:77)
	at java.base/jdk.internal.reflect.DelegatingMethodAccessorImpl.invoke(DelegatingMethodAccessorImpl.java:43)
	at java.base/java.lang.reflect.Method.invoke(Method.java:568)
	at org.apache.hadoop.util.RunJar.run(RunJar.java:328)
	at org.apache.hadoop.util.RunJar.main(RunJar.java:241)
FAILED: ParseException line 1:1 cannot recognize input near 'QUERY_4' '<EOF>' '<EOF>'
39.766,30.016,1.457
3,QUERY_5,Hive Session ID = a0ac37a4-9a06-4227-bb2e-a16bfb638e10

Logging initialized using configuration in file:/etc/hive/conf.dist/hive-log4j2.properties Async: true
OK
Time taken: 0.526 seconds
OK
Time taken: 0.095 seconds
OK
Time taken: 1.145 seconds
Query ID = hadoop_20240306085836_941f0704-adcb-4ef6-b36e-4d2a8100f99b
Total jobs = 1
Launching Job 1 out of 1
Status: Running (Executing on YARN cluster with App id application_1709712160305_0033)

Map 1: -/-	Reducer 2: 0/2	
Map 1: 0/1	Reducer 2: 0/2	
Map 1: 0/1	Reducer 2: 0/2	
Map 1: 0(+1)/1	Reducer 2: 0/2	
Map 1: 1/1	Reducer 2: 1(+1)/2	
Map 1: 1/1	Reducer 2: 2/2	
OK
Time taken: 17.553 seconds
Query ID = hadoop_20240306085854_5f2d89b6-71b2-406f-953a-17c37af43762
Total jobs = 1
Launching Job 1 out of 1
Status: Running (Executing on YARN cluster with App id application_1709712160305_0033)

Map 1: -/-	Reducer 2: 0/2	
Map 1: 0/1	Reducer 2: 0/2	
Map 1: 1/1	Reducer 2: 2/2	
OK
Time taken: 1.69 seconds
Query ID = hadoop_20240306085856_c8ed5b4e-cb1c-48db-a34d-6776e02eb2aa
Total jobs = 1
Launching Job 1 out of 1
Status: Running (Executing on YARN cluster with App id application_1709712160305_0033)

Map 1: -/-	Reducer 2: 0/2	
Map 1: 0/1	Reducer 2: 0/2	
Map 1: 0(+1)/1	Reducer 2: 0/2	
Map 1: 1/1	Reducer 2: 2/2	
OK
Time taken: 1.377 seconds
Query ID = hadoop_20240306085857_7ba428c0-baab-4cf2-9e2a-f9532d996ba5
Total jobs = 1
Launching Job 1 out of 1
Status: Running (Executing on YARN cluster with App id application_1709712160305_0033)

Map 1: -/-	Reducer 2: 0/2	
Map 1: 0/1	Reducer 2: 0/2	
Map 1: 0(+1)/1	Reducer 2: 0/2	
Map 1: 1/1	Reducer 2: 2/2	
OK
Time taken: 5.661 seconds
Query ID = hadoop_20240306085903_d96abc10-0f1b-4efd-be31-3f4963433217
Total jobs = 1
Launching Job 1 out of 1
Status: Running (Executing on YARN cluster with App id application_1709712160305_0033)

Map 1: -/-	Reducer 2: 0/2	
Map 1: 0/1	Reducer 2: 0/2	
Map 1: 0(+1)/1	Reducer 2: 0/2	
Map 1: 1/1	Reducer 2: 2/2	
OK
Time taken: 1.398 seconds
NoViableAltException(24@[])
	at org.apache.hadoop.hive.ql.parse.HiveParser.statement(HiveParser.java:1402)
	at org.apache.hadoop.hive.ql.parse.ParseDriver.parse(ParseDriver.java:230)
	at org.apache.hadoop.hive.ql.parse.ParseUtils.parse(ParseUtils.java:79)
	at org.apache.hadoop.hive.ql.parse.ParseUtils.parse(ParseUtils.java:72)
	at org.apache.hadoop.hive.ql.Driver.compile(Driver.java:631)
	at org.apache.hadoop.hive.ql.Driver.compileInternal(Driver.java:1871)
	at org.apache.hadoop.hive.ql.Driver.compileAndRespond(Driver.java:1818)
	at org.apache.hadoop.hive.ql.Driver.compileAndRespond(Driver.java:1813)
	at org.apache.hadoop.hive.ql.reexec.ReExecDriver.compileAndRespond(ReExecDriver.java:126)
	at org.apache.hadoop.hive.ql.reexec.ReExecDriver.run(ReExecDriver.java:214)
	at org.apache.hadoop.hive.cli.CliDriver.processLocalCmd(CliDriver.java:242)
	at org.apache.hadoop.hive.cli.CliDriver.processCmd(CliDriver.java:191)
	at org.apache.hadoop.hive.cli.CliDriver.processLine(CliDriver.java:405)
	at org.apache.hadoop.hive.cli.CliDriver.processLine(CliDriver.java:338)
	at org.apache.hadoop.hive.cli.CliDriver.executeDriver(CliDriver.java:815)
	at org.apache.hadoop.hive.cli.CliDriver.run(CliDriver.java:787)
	at org.apache.hadoop.hive.cli.CliDriver.main(CliDriver.java:709)
	at java.base/jdk.internal.reflect.NativeMethodAccessorImpl.invoke0(Native Method)
	at java.base/jdk.internal.reflect.NativeMethodAccessorImpl.invoke(NativeMethodAccessorImpl.java:77)
	at java.base/jdk.internal.reflect.DelegatingMethodAccessorImpl.invoke(DelegatingMethodAccessorImpl.java:43)
	at java.base/java.lang.reflect.Method.invoke(Method.java:568)
	at org.apache.hadoop.util.RunJar.run(RunJar.java:328)
	at org.apache.hadoop.util.RunJar.main(RunJar.java:241)
FAILED: ParseException line 1:1 cannot recognize input near 'QUERY_5' '<EOF>' '<EOF>'
38.305,28.269,1.420
4,QUERY_1,Hive Session ID = e3d166f8-e6f2-4b4a-b8f7-0b11938c39f8

Logging initialized using configuration in file:/etc/hive/conf.dist/hive-log4j2.properties Async: true
OK
Time taken: 0.468 seconds
OK
Time taken: 0.077 seconds
OK
Time taken: 1.129 seconds
Query ID = hadoop_20240306085916_0923a454-667b-4f61-99c1-39744f974192
Total jobs = 1
Launching Job 1 out of 1
Status: Running (Executing on YARN cluster with App id application_1709712160305_0035)

Map 1: -/-	Reducer 2: 0/2	
Map 1: 0/1	Reducer 2: 0/2	
Map 1: 0(+1)/1	Reducer 2: 0/2	
Map 1: 1/1	Reducer 2: 0(+1)/2	
Map 1: 1/1	Reducer 2: 2/2	
OK
Time taken: 15.095 seconds
Query ID = hadoop_20240306085931_5c9bd7cf-c1a9-467e-9708-5a4acea23539
Total jobs = 1
Launching Job 1 out of 1
Status: Running (Executing on YARN cluster with App id application_1709712160305_0035)

Map 1: -/-	Reducer 2: 0/2	
Map 1: 0/1	Reducer 2: 0/2	
Map 1: 0(+1)/1	Reducer 2: 0/2	
Map 1: 1/1	Reducer 2: 2/2	
OK
Time taken: 1.407 seconds
Query ID = hadoop_20240306085932_f044da3a-0836-44b1-a038-127facc77fba
Total jobs = 1
Launching Job 1 out of 1
Status: Running (Executing on YARN cluster with App id application_1709712160305_0035)

Map 1: -/-	Reducer 2: 0/2	
Map 1: 0/1	Reducer 2: 0/2	
Map 1: 0(+1)/1	Reducer 2: 0/2	
Map 1: 1/1	Reducer 2: 1(+1)/2	
Map 1: 1/1	Reducer 2: 2/2	
OK
Time taken: 5.357 seconds
Query ID = hadoop_20240306085938_e0aa5aa4-190f-41ef-92be-cc99c91f1607
Total jobs = 1
Launching Job 1 out of 1
Status: Running (Executing on YARN cluster with App id application_1709712160305_0035)

Map 1: -/-	Reducer 2: 0/2	
Map 1: 0/1	Reducer 2: 0/2	
Map 1: 0(+1)/1	Reducer 2: 0/2	
Map 1: 1/1	Reducer 2: 2/2	
OK
Time taken: 1.551 seconds
Query ID = hadoop_20240306085939_291636c6-619b-4d38-a74d-8a270e3685de
Total jobs = 1
Launching Job 1 out of 1
Status: Running (Executing on YARN cluster with App id application_1709712160305_0035)

Map 1: -/-	Reducer 2: 0/2	
Map 1: 0/1	Reducer 2: 0/2	
Map 1: 0(+1)/1	Reducer 2: 0/2	
Map 1: 1/1	Reducer 2: 2/2	
OK
Time taken: 5.187 seconds
NoViableAltException(24@[])
	at org.apache.hadoop.hive.ql.parse.HiveParser.statement(HiveParser.java:1402)
	at org.apache.hadoop.hive.ql.parse.ParseDriver.parse(ParseDriver.java:230)
	at org.apache.hadoop.hive.ql.parse.ParseUtils.parse(ParseUtils.java:79)
	at org.apache.hadoop.hive.ql.parse.ParseUtils.parse(ParseUtils.java:72)
	at org.apache.hadoop.hive.ql.Driver.compile(Driver.java:631)
	at org.apache.hadoop.hive.ql.Driver.compileInternal(Driver.java:1871)
	at org.apache.hadoop.hive.ql.Driver.compileAndRespond(Driver.java:1818)
	at org.apache.hadoop.hive.ql.Driver.compileAndRespond(Driver.java:1813)
	at org.apache.hadoop.hive.ql.reexec.ReExecDriver.compileAndRespond(ReExecDriver.java:126)
	at org.apache.hadoop.hive.ql.reexec.ReExecDriver.run(ReExecDriver.java:214)
	at org.apache.hadoop.hive.cli.CliDriver.processLocalCmd(CliDriver.java:242)
	at org.apache.hadoop.hive.cli.CliDriver.processCmd(CliDriver.java:191)
	at org.apache.hadoop.hive.cli.CliDriver.processLine(CliDriver.java:405)
	at org.apache.hadoop.hive.cli.CliDriver.processLine(CliDriver.java:338)
	at org.apache.hadoop.hive.cli.CliDriver.executeDriver(CliDriver.java:815)
	at org.apache.hadoop.hive.cli.CliDriver.run(CliDriver.java:787)
	at org.apache.hadoop.hive.cli.CliDriver.main(CliDriver.java:709)
	at java.base/jdk.internal.reflect.NativeMethodAccessorImpl.invoke0(Native Method)
	at java.base/jdk.internal.reflect.NativeMethodAccessorImpl.invoke(NativeMethodAccessorImpl.java:77)
	at java.base/jdk.internal.reflect.DelegatingMethodAccessorImpl.invoke(DelegatingMethodAccessorImpl.java:43)
	at java.base/java.lang.reflect.Method.invoke(Method.java:568)
	at org.apache.hadoop.util.RunJar.run(RunJar.java:328)
	at org.apache.hadoop.util.RunJar.main(RunJar.java:241)
FAILED: ParseException line 1:1 cannot recognize input near 'QUERY_1' '<EOF>' '<EOF>'
40.182,28.791,1.338
4,QUERY_2,Hive Session ID = 9a9e30b4-b8a4-4879-a903-1ebb1e8aad92

Logging initialized using configuration in file:/etc/hive/conf.dist/hive-log4j2.properties Async: true
OK
Time taken: 0.519 seconds
OK
Time taken: 0.089 seconds
OK
Time taken: 1.151 seconds
Query ID = hadoop_20240306085956_ae165829-539b-48f6-87c3-f90990d777a4
Total jobs = 1
Launching Job 1 out of 1
Status: Running (Executing on YARN cluster with App id application_1709712160305_0037)

Map 1: -/-	Reducer 2: 0/2	
Map 1: 0/1	Reducer 2: 0/2	
Map 1: 0(+1)/1	Reducer 2: 0/2	
Map 1: 1/1	Reducer 2: 0(+1)/2	
Map 1: 1/1	Reducer 2: 2/2	
OK
Time taken: 16.429 seconds
Query ID = hadoop_20240306090012_0f6b8831-b5fe-4b1e-8b19-36b653ae2757
Total jobs = 1
Launching Job 1 out of 1
Status: Running (Executing on YARN cluster with App id application_1709712160305_0037)

Map 1: -/-	Reducer 2: 0/2	
Map 1: 0/1	Reducer 2: 0/2	
Map 1: 1/1	Reducer 2: 0(+1)/2	
Map 1: 1/1	Reducer 2: 2/2	
OK
Time taken: 1.303 seconds
Query ID = hadoop_20240306090014_607c92d3-94c3-4094-ba4f-b1c42f06e6b1
Total jobs = 1
Launching Job 1 out of 1
Status: Running (Executing on YARN cluster with App id application_1709712160305_0037)

Map 1: -/-	Reducer 2: 0/2	
Map 1: 0/1	Reducer 2: 0/2	
Map 1: 0(+1)/1	Reducer 2: 0/2	
Map 1: 1/1	Reducer 2: 0(+1)/2	
Map 1: 1/1	Reducer 2: 2/2	
OK
Time taken: 5.786 seconds
Query ID = hadoop_20240306090019_a4c9d6c8-3f94-4da8-b026-21eb41541182
Total jobs = 1
Launching Job 1 out of 1
Status: Running (Executing on YARN cluster with App id application_1709712160305_0037)

Map 1: -/-	Reducer 2: 0/2	
Map 1: 0/1	Reducer 2: 0/2	
Map 1: 0(+1)/1	Reducer 2: 0/2	
Map 1: 1/1	Reducer 2: 2/2	
OK
Time taken: 1.669 seconds
Query ID = hadoop_20240306090021_70cd3170-4aab-4347-b122-80a21fbf10b6
Total jobs = 1
Launching Job 1 out of 1
Status: Running (Executing on YARN cluster with App id application_1709712160305_0037)

Map 1: -/-	Reducer 2: 0/2	
Map 1: 0/1	Reducer 2: 0/2	
Map 1: 0(+1)/1	Reducer 2: 0/2	
Map 1: 1/1	Reducer 2: 2/2	
OK
Time taken: 1.811 seconds
NoViableAltException(24@[])
	at org.apache.hadoop.hive.ql.parse.HiveParser.statement(HiveParser.java:1402)
	at org.apache.hadoop.hive.ql.parse.ParseDriver.parse(ParseDriver.java:230)
	at org.apache.hadoop.hive.ql.parse.ParseUtils.parse(ParseUtils.java:79)
	at org.apache.hadoop.hive.ql.parse.ParseUtils.parse(ParseUtils.java:72)
	at org.apache.hadoop.hive.ql.Driver.compile(Driver.java:631)
	at org.apache.hadoop.hive.ql.Driver.compileInternal(Driver.java:1871)
	at org.apache.hadoop.hive.ql.Driver.compileAndRespond(Driver.java:1818)
	at org.apache.hadoop.hive.ql.Driver.compileAndRespond(Driver.java:1813)
	at org.apache.hadoop.hive.ql.reexec.ReExecDriver.compileAndRespond(ReExecDriver.java:126)
	at org.apache.hadoop.hive.ql.reexec.ReExecDriver.run(ReExecDriver.java:214)
	at org.apache.hadoop.hive.cli.CliDriver.processLocalCmd(CliDriver.java:242)
	at org.apache.hadoop.hive.cli.CliDriver.processCmd(CliDriver.java:191)
	at org.apache.hadoop.hive.cli.CliDriver.processLine(CliDriver.java:405)
	at org.apache.hadoop.hive.cli.CliDriver.processLine(CliDriver.java:338)
	at org.apache.hadoop.hive.cli.CliDriver.executeDriver(CliDriver.java:815)
	at org.apache.hadoop.hive.cli.CliDriver.run(CliDriver.java:787)
	at org.apache.hadoop.hive.cli.CliDriver.main(CliDriver.java:709)
	at java.base/jdk.internal.reflect.NativeMethodAccessorImpl.invoke0(Native Method)
	at java.base/jdk.internal.reflect.NativeMethodAccessorImpl.invoke(NativeMethodAccessorImpl.java:77)
	at java.base/jdk.internal.reflect.DelegatingMethodAccessorImpl.invoke(DelegatingMethodAccessorImpl.java:43)
	at java.base/java.lang.reflect.Method.invoke(Method.java:568)
	at org.apache.hadoop.util.RunJar.run(RunJar.java:328)
	at org.apache.hadoop.util.RunJar.main(RunJar.java:241)
FAILED: ParseException line 1:1 cannot recognize input near 'QUERY_2' '<EOF>' '<EOF>'
38.640,30.085,1.428
4,QUERY_3,Hive Session ID = 3a601e06-2b32-44b3-9e93-203575edb96f

Logging initialized using configuration in file:/etc/hive/conf.dist/hive-log4j2.properties Async: true
OK
Time taken: 0.59 seconds
OK
Time taken: 0.076 seconds
OK
Time taken: 1.121 seconds
Query ID = hadoop_20240306090034_38cd0e86-cd56-40e5-9508-7bfa477a9b73
Total jobs = 1
Launching Job 1 out of 1
Status: Running (Executing on YARN cluster with App id application_1709712160305_0039)

Map 1: -/-	Reducer 2: 0/2	
Map 1: 0/1	Reducer 2: 0/2	
Map 1: 0/1	Reducer 2: 0/2	
Map 1: 0(+1)/1	Reducer 2: 0/2	
Map 1: 0(+1)/1	Reducer 2: 0/2	
Map 1: 1/1	Reducer 2: 2/2	
OK
Time taken: 17.548 seconds
Query ID = hadoop_20240306090051_408bca69-b6f8-4238-9b55-25b51f171f50
Total jobs = 1
Launching Job 1 out of 1
Status: Running (Executing on YARN cluster with App id application_1709712160305_0039)

Map 1: -/-	Reducer 2: 0/2	
Map 1: 0/1	Reducer 2: 0/2	
Map 1: 1/1	Reducer 2: 2/2	
OK
Time taken: 2.066 seconds
Query ID = hadoop_20240306090053_0c5e1d70-01dc-422d-bb5b-2243916d47ff
Total jobs = 1
Launching Job 1 out of 1
Status: Running (Executing on YARN cluster with App id application_1709712160305_0039)

Map 1: -/-	Reducer 2: 0/2	
Map 1: 0/1	Reducer 2: 0/2	
Map 1: 0(+1)/1	Reducer 2: 0/2	
Map 1: 1/1	Reducer 2: 2/2	
OK
Time taken: 1.402 seconds
Query ID = hadoop_20240306090055_9c7b771b-3b63-412c-ab2a-22367b06cd86
Total jobs = 1
Launching Job 1 out of 1
Status: Running (Executing on YARN cluster with App id application_1709712160305_0039)

Map 1: -/-	Reducer 2: 0/2	
Map 1: 0/1	Reducer 2: 0/2	
Map 1: 0(+1)/1	Reducer 2: 0/2	
Map 1: 1/1	Reducer 2: 2/2	
OK
Time taken: 1.387 seconds
Query ID = hadoop_20240306090056_0b3b86a6-10e0-4712-85dd-868992b6577a
Total jobs = 1
Launching Job 1 out of 1
Status: Running (Executing on YARN cluster with App id application_1709712160305_0039)

Map 1: -/-	Reducer 2: 0/2	
Map 1: 0/1	Reducer 2: 0/2	
Map 1: 0(+1)/1	Reducer 2: 0/2	
Map 1: 1/1	Reducer 2: 2/2	
OK
Time taken: 1.316 seconds
NoViableAltException(24@[])
	at org.apache.hadoop.hive.ql.parse.HiveParser.statement(HiveParser.java:1402)
	at org.apache.hadoop.hive.ql.parse.ParseDriver.parse(ParseDriver.java:230)
	at org.apache.hadoop.hive.ql.parse.ParseUtils.parse(ParseUtils.java:79)
	at org.apache.hadoop.hive.ql.parse.ParseUtils.parse(ParseUtils.java:72)
	at org.apache.hadoop.hive.ql.Driver.compile(Driver.java:631)
	at org.apache.hadoop.hive.ql.Driver.compileInternal(Driver.java:1871)
	at org.apache.hadoop.hive.ql.Driver.compileAndRespond(Driver.java:1818)
	at org.apache.hadoop.hive.ql.Driver.compileAndRespond(Driver.java:1813)
	at org.apache.hadoop.hive.ql.reexec.ReExecDriver.compileAndRespond(ReExecDriver.java:126)
	at org.apache.hadoop.hive.ql.reexec.ReExecDriver.run(ReExecDriver.java:214)
	at org.apache.hadoop.hive.cli.CliDriver.processLocalCmd(CliDriver.java:242)
	at org.apache.hadoop.hive.cli.CliDriver.processCmd(CliDriver.java:191)
	at org.apache.hadoop.hive.cli.CliDriver.processLine(CliDriver.java:405)
	at org.apache.hadoop.hive.cli.CliDriver.processLine(CliDriver.java:338)
	at org.apache.hadoop.hive.cli.CliDriver.executeDriver(CliDriver.java:815)
	at org.apache.hadoop.hive.cli.CliDriver.run(CliDriver.java:787)
	at org.apache.hadoop.hive.cli.CliDriver.main(CliDriver.java:709)
	at java.base/jdk.internal.reflect.NativeMethodAccessorImpl.invoke0(Native Method)
	at java.base/jdk.internal.reflect.NativeMethodAccessorImpl.invoke(NativeMethodAccessorImpl.java:77)
	at java.base/jdk.internal.reflect.DelegatingMethodAccessorImpl.invoke(DelegatingMethodAccessorImpl.java:43)
	at java.base/java.lang.reflect.Method.invoke(Method.java:568)
	at org.apache.hadoop.util.RunJar.run(RunJar.java:328)
	at org.apache.hadoop.util.RunJar.main(RunJar.java:241)
FAILED: ParseException line 1:1 cannot recognize input near 'QUERY_3' '<EOF>' '<EOF>'
34.560,28.240,1.500
4,QUERY_4,Hive Session ID = 12e4f290-95f3-4993-942b-1e3424532903

Logging initialized using configuration in file:/etc/hive/conf.dist/hive-log4j2.properties Async: true
OK
Time taken: 0.509 seconds
OK
Time taken: 0.073 seconds
OK
Time taken: 1.202 seconds
Query ID = hadoop_20240306090108_be1d5859-01de-4f9c-a66c-0ac89636fd7f
Total jobs = 1
Launching Job 1 out of 1
Status: Running (Executing on YARN cluster with App id application_1709712160305_0041)

Map 1: -/-	Reducer 2: 0/2	
Map 1: 0/1	Reducer 2: 0/2	
Map 1: 0(+1)/1	Reducer 2: 0/2	
Map 1: 0(+1)/1	Reducer 2: 0/2	
Map 1: 1/1	Reducer 2: 0(+1)/2	
Map 1: 1/1	Reducer 2: 2/2	
OK
Time taken: 19.272 seconds
Query ID = hadoop_20240306090128_b5247999-c688-4576-8d11-5a616ebe1270
Total jobs = 1
Launching Job 1 out of 1
Status: Running (Executing on YARN cluster with App id application_1709712160305_0041)

Map 1: -/-	Reducer 2: 0/2	
Map 1: 0/1	Reducer 2: 0/2	
Map 1: 0(+1)/1	Reducer 2: 0/2	
Map 1: 1/1	Reducer 2: 2/2	
OK
Time taken: 1.658 seconds
Query ID = hadoop_20240306090129_9d9be80b-b1e2-4f53-8c78-8d2b3c133d19
Total jobs = 1
Launching Job 1 out of 1
Status: Running (Executing on YARN cluster with App id application_1709712160305_0041)

Map 1: -/-	Reducer 2: 0/2	
Map 1: 0/1	Reducer 2: 0/2	
Map 1: 0(+1)/1	Reducer 2: 0/2	
Map 1: 1/1	Reducer 2: 2/2	
OK
Time taken: 1.459 seconds
Query ID = hadoop_20240306090131_37b0e52f-67c2-48ce-b704-8cbea8a8735d
Total jobs = 1
Launching Job 1 out of 1
Status: Running (Executing on YARN cluster with App id application_1709712160305_0041)

Map 1: -/-	Reducer 2: 0/2	
Map 1: 0/1	Reducer 2: 0/2	
Map 1: 0(+1)/1	Reducer 2: 0/2	
Map 1: 1/1	Reducer 2: 2/2	
OK
Time taken: 1.431 seconds
Query ID = hadoop_20240306090132_311228b9-08b6-4a89-aa77-1fb50af7ea1a
Total jobs = 1
Launching Job 1 out of 1
Status: Running (Executing on YARN cluster with App id application_1709712160305_0041)

Map 1: -/-	Reducer 2: 0/2	
Map 1: 0/1	Reducer 2: 0/2	
Map 1: 0(+1)/1	Reducer 2: 0/2	
Map 1: 0(+1)/1	Reducer 2: 0/2	
Map 1: 1/1	Reducer 2: 1(+1)/2	
Map 1: 1/1	Reducer 2: 2/2	
OK
Time taken: 6.399 seconds
NoViableAltException(24@[])
	at org.apache.hadoop.hive.ql.parse.HiveParser.statement(HiveParser.java:1402)
	at org.apache.hadoop.hive.ql.parse.ParseDriver.parse(ParseDriver.java:230)
	at org.apache.hadoop.hive.ql.parse.ParseUtils.parse(ParseUtils.java:79)
	at org.apache.hadoop.hive.ql.parse.ParseUtils.parse(ParseUtils.java:72)
	at org.apache.hadoop.hive.ql.Driver.compile(Driver.java:631)
	at org.apache.hadoop.hive.ql.Driver.compileInternal(Driver.java:1871)
	at org.apache.hadoop.hive.ql.Driver.compileAndRespond(Driver.java:1818)
	at org.apache.hadoop.hive.ql.Driver.compileAndRespond(Driver.java:1813)
	at org.apache.hadoop.hive.ql.reexec.ReExecDriver.compileAndRespond(ReExecDriver.java:126)
	at org.apache.hadoop.hive.ql.reexec.ReExecDriver.run(ReExecDriver.java:214)
	at org.apache.hadoop.hive.cli.CliDriver.processLocalCmd(CliDriver.java:242)
	at org.apache.hadoop.hive.cli.CliDriver.processCmd(CliDriver.java:191)
	at org.apache.hadoop.hive.cli.CliDriver.processLine(CliDriver.java:405)
	at org.apache.hadoop.hive.cli.CliDriver.processLine(CliDriver.java:338)
	at org.apache.hadoop.hive.cli.CliDriver.executeDriver(CliDriver.java:815)
	at org.apache.hadoop.hive.cli.CliDriver.run(CliDriver.java:787)
	at org.apache.hadoop.hive.cli.CliDriver.main(CliDriver.java:709)
	at java.base/jdk.internal.reflect.NativeMethodAccessorImpl.invoke0(Native Method)
	at java.base/jdk.internal.reflect.NativeMethodAccessorImpl.invoke(NativeMethodAccessorImpl.java:77)
	at java.base/jdk.internal.reflect.DelegatingMethodAccessorImpl.invoke(DelegatingMethodAccessorImpl.java:43)
	at java.base/java.lang.reflect.Method.invoke(Method.java:568)
	at org.apache.hadoop.util.RunJar.run(RunJar.java:328)
	at org.apache.hadoop.util.RunJar.main(RunJar.java:241)
FAILED: ParseException line 1:1 cannot recognize input near 'QUERY_4' '<EOF>' '<EOF>'
40.929,28.790,1.611
4,QUERY_5,Hive Session ID = 33b65339-93fc-4ae8-ae0c-420187ce8680

Logging initialized using configuration in file:/etc/hive/conf.dist/hive-log4j2.properties Async: true
OK
Time taken: 0.506 seconds
OK
Time taken: 0.074 seconds
OK
Time taken: 1.293 seconds
Query ID = hadoop_20240306090149_476e73ce-7c68-4033-afa2-bb478436a004
Total jobs = 1
Launching Job 1 out of 1
Status: Running (Executing on YARN cluster with App id application_1709712160305_0043)

Map 1: -/-	Reducer 2: 0/2	
Map 1: 0/1	Reducer 2: 0/2	
Map 1: 0(+1)/1	Reducer 2: 0/2	
Map 1: 1/1	Reducer 2: 0(+1)/2	
Map 1: 1/1	Reducer 2: 2/2	
OK
Time taken: 15.851 seconds
Query ID = hadoop_20240306090205_3b8d3c79-0160-45c5-a0c5-932f247bd961
Total jobs = 1
Launching Job 1 out of 1
Status: Running (Executing on YARN cluster with App id application_1709712160305_0043)

Map 1: -/-	Reducer 2: 0/2	
Map 1: 0/1	Reducer 2: 0/2	
Map 1: 1/1	Reducer 2: 2/2	
OK
Time taken: 1.601 seconds
Query ID = hadoop_20240306090207_d134ba75-6800-4e78-ac4e-91dd3c6df69d
Total jobs = 1
Launching Job 1 out of 1
Status: Running (Executing on YARN cluster with App id application_1709712160305_0043)

Map 1: -/-	Reducer 2: 0/2	
Map 1: 0/1	Reducer 2: 0/2	
Map 1: 0(+1)/1	Reducer 2: 0/2	
Map 1: 1/1	Reducer 2: 2/2	
OK
Time taken: 1.4 seconds
Query ID = hadoop_20240306090208_e98f9a40-8769-4d54-83ce-b967814d98d4
Total jobs = 1
Launching Job 1 out of 1
Status: Running (Executing on YARN cluster with App id application_1709712160305_0043)

Map 1: -/-	Reducer 2: 0/2	
Map 1: 0/1	Reducer 2: 0/2	
Map 1: 0(+1)/1	Reducer 2: 0/2	
Map 1: 1/1	Reducer 2: 2/2	
OK
Time taken: 1.466 seconds
Query ID = hadoop_20240306090210_4f950da4-7a2c-4e61-928c-1f331d5ea677
Total jobs = 1
Launching Job 1 out of 1
Status: Running (Executing on YARN cluster with App id application_1709712160305_0043)

Map 1: -/-	Reducer 2: 0/2	
Map 1: 0/1	Reducer 2: 0/2	
Map 1: 0(+1)/1	Reducer 2: 0/2	
Map 1: 1/1	Reducer 2: 1(+1)/2	
Map 1: 1/1	Reducer 2: 2/2	
OK
Time taken: 5.339 seconds
NoViableAltException(24@[])
	at org.apache.hadoop.hive.ql.parse.HiveParser.statement(HiveParser.java:1402)
	at org.apache.hadoop.hive.ql.parse.ParseDriver.parse(ParseDriver.java:230)
	at org.apache.hadoop.hive.ql.parse.ParseUtils.parse(ParseUtils.java:79)
	at org.apache.hadoop.hive.ql.parse.ParseUtils.parse(ParseUtils.java:72)
	at org.apache.hadoop.hive.ql.Driver.compile(Driver.java:631)
	at org.apache.hadoop.hive.ql.Driver.compileInternal(Driver.java:1871)
	at org.apache.hadoop.hive.ql.Driver.compileAndRespond(Driver.java:1818)
	at org.apache.hadoop.hive.ql.Driver.compileAndRespond(Driver.java:1813)
	at org.apache.hadoop.hive.ql.reexec.ReExecDriver.compileAndRespond(ReExecDriver.java:126)
	at org.apache.hadoop.hive.ql.reexec.ReExecDriver.run(ReExecDriver.java:214)
	at org.apache.hadoop.hive.cli.CliDriver.processLocalCmd(CliDriver.java:242)
	at org.apache.hadoop.hive.cli.CliDriver.processCmd(CliDriver.java:191)
	at org.apache.hadoop.hive.cli.CliDriver.processLine(CliDriver.java:405)
	at org.apache.hadoop.hive.cli.CliDriver.processLine(CliDriver.java:338)
	at org.apache.hadoop.hive.cli.CliDriver.executeDriver(CliDriver.java:815)
	at org.apache.hadoop.hive.cli.CliDriver.run(CliDriver.java:787)
	at org.apache.hadoop.hive.cli.CliDriver.main(CliDriver.java:709)
	at java.base/jdk.internal.reflect.NativeMethodAccessorImpl.invoke0(Native Method)
	at java.base/jdk.internal.reflect.NativeMethodAccessorImpl.invoke(NativeMethodAccessorImpl.java:77)
	at java.base/jdk.internal.reflect.DelegatingMethodAccessorImpl.invoke(DelegatingMethodAccessorImpl.java:43)
	at java.base/java.lang.reflect.Method.invoke(Method.java:568)
	at org.apache.hadoop.util.RunJar.run(RunJar.java:328)
	at org.apache.hadoop.util.RunJar.main(RunJar.java:241)
FAILED: ParseException line 1:1 cannot recognize input near 'QUERY_5' '<EOF>' '<EOF>'
36.409,28.827,1.438
5,QUERY_1,Hive Session ID = 67291e4f-c0a6-422d-ba2a-0acf4f902787

Logging initialized using configuration in file:/etc/hive/conf.dist/hive-log4j2.properties Async: true
OK
Time taken: 0.471 seconds
OK
Time taken: 0.08 seconds
OK
Time taken: 1.246 seconds
Query ID = hadoop_20240306090226_935fe760-45af-4712-9d23-3998acfb9bb4
Total jobs = 1
Launching Job 1 out of 1
Status: Running (Executing on YARN cluster with App id application_1709712160305_0045)

Map 1: -/-	Reducer 2: 0/2	
Map 1: 0/1	Reducer 2: 0/2	
Map 1: 0(+1)/1	Reducer 2: 0/2	
Map 1: 1/1	Reducer 2: 0/2	
Map 1: 1/1	Reducer 2: 0(+1)/2	
Map 1: 1/1	Reducer 2: 2/2	
OK
Time taken: 17.456 seconds
Query ID = hadoop_20240306090243_e0857772-9211-4460-afef-2a846e9493f5
Total jobs = 1
Launching Job 1 out of 1
Status: Running (Executing on YARN cluster with App id application_1709712160305_0045)

Map 1: -/-	Reducer 2: 0/2	
Map 1: 0/1	Reducer 2: 0/2	
Map 1: 0(+1)/1	Reducer 2: 0/2	
Map 1: 1/1	Reducer 2: 2/2	
OK
Time taken: 1.335 seconds
Query ID = hadoop_20240306090245_4972c687-20be-4d86-8378-9cc19c4b70e9
Total jobs = 1
Launching Job 1 out of 1
Status: Running (Executing on YARN cluster with App id application_1709712160305_0045)

Map 1: -/-	Reducer 2: 0/2	
Map 1: 0/1	Reducer 2: 0/2	
Map 1: 0(+1)/1	Reducer 2: 0/2	
Map 1: 1/1	Reducer 2: 2/2	
OK
Time taken: 1.796 seconds
Query ID = hadoop_20240306090246_2c4058ae-0de5-4baf-a56e-a052952be11e
Total jobs = 1
Launching Job 1 out of 1
Status: Running (Executing on YARN cluster with App id application_1709712160305_0045)

Map 1: -/-	Reducer 2: 0/2	
Map 1: 0/1	Reducer 2: 0/2	
Map 1: 0(+1)/1	Reducer 2: 0/2	
Map 1: 1/1	Reducer 2: 2/2	
OK
Time taken: 1.427 seconds
Query ID = hadoop_20240306090248_fc43cb4c-6d4f-4100-b1ee-6ca6ab244188
Total jobs = 1
Launching Job 1 out of 1
Status: Running (Executing on YARN cluster with App id application_1709712160305_0045)

Map 1: -/-	Reducer 2: 0/2	
Map 1: 0/1	Reducer 2: 0/2	
Map 1: 1/1	Reducer 2: 2/2	
OK
Time taken: 1.718 seconds
NoViableAltException(24@[])
	at org.apache.hadoop.hive.ql.parse.HiveParser.statement(HiveParser.java:1402)
	at org.apache.hadoop.hive.ql.parse.ParseDriver.parse(ParseDriver.java:230)
	at org.apache.hadoop.hive.ql.parse.ParseUtils.parse(ParseUtils.java:79)
	at org.apache.hadoop.hive.ql.parse.ParseUtils.parse(ParseUtils.java:72)
	at org.apache.hadoop.hive.ql.Driver.compile(Driver.java:631)
	at org.apache.hadoop.hive.ql.Driver.compileInternal(Driver.java:1871)
	at org.apache.hadoop.hive.ql.Driver.compileAndRespond(Driver.java:1818)
	at org.apache.hadoop.hive.ql.Driver.compileAndRespond(Driver.java:1813)
	at org.apache.hadoop.hive.ql.reexec.ReExecDriver.compileAndRespond(ReExecDriver.java:126)
	at org.apache.hadoop.hive.ql.reexec.ReExecDriver.run(ReExecDriver.java:214)
	at org.apache.hadoop.hive.cli.CliDriver.processLocalCmd(CliDriver.java:242)
	at org.apache.hadoop.hive.cli.CliDriver.processCmd(CliDriver.java:191)
	at org.apache.hadoop.hive.cli.CliDriver.processLine(CliDriver.java:405)
	at org.apache.hadoop.hive.cli.CliDriver.processLine(CliDriver.java:338)
	at org.apache.hadoop.hive.cli.CliDriver.executeDriver(CliDriver.java:815)
	at org.apache.hadoop.hive.cli.CliDriver.run(CliDriver.java:787)
	at org.apache.hadoop.hive.cli.CliDriver.main(CliDriver.java:709)
	at java.base/jdk.internal.reflect.NativeMethodAccessorImpl.invoke0(Native Method)
	at java.base/jdk.internal.reflect.NativeMethodAccessorImpl.invoke(NativeMethodAccessorImpl.java:77)
	at java.base/jdk.internal.reflect.DelegatingMethodAccessorImpl.invoke(DelegatingMethodAccessorImpl.java:43)
	at java.base/java.lang.reflect.Method.invoke(Method.java:568)
	at org.apache.hadoop.util.RunJar.run(RunJar.java:328)
	at org.apache.hadoop.util.RunJar.main(RunJar.java:241)
FAILED: ParseException line 1:1 cannot recognize input near 'QUERY_1' '<EOF>' '<EOF>'
34.659,28.014,1.435
5,QUERY_2,Hive Session ID = 4ee30cec-99f8-4a05-a08a-94df39c7b00d

Logging initialized using configuration in file:/etc/hive/conf.dist/hive-log4j2.properties Async: true
OK
Time taken: 0.491 seconds
OK
Time taken: 0.074 seconds
OK
Time taken: 1.161 seconds
Query ID = hadoop_20240306090300_4224536d-7cba-469d-b6e3-00920805d7e6
Total jobs = 1
Launching Job 1 out of 1
Status: Running (Executing on YARN cluster with App id application_1709712160305_0047)

Map 1: -/-	Reducer 2: 0/2	
Map 1: 0/1	Reducer 2: 0/2	
Map 1: 0(+1)/1	Reducer 2: 0/2	
Map 1: 1/1	Reducer 2: 0(+1)/2	
Map 1: 1/1	Reducer 2: 2/2	
OK
Time taken: 15.88 seconds
Query ID = hadoop_20240306090316_21514f22-d520-431f-9385-5153aa73ac3b
Total jobs = 1
Launching Job 1 out of 1
Status: Running (Executing on YARN cluster with App id application_1709712160305_0047)

Map 1: -/-	Reducer 2: 0/2	
Map 1: 0/1	Reducer 2: 0/2	
Map 1: 1/1	Reducer 2: 2/2	
OK
Time taken: 1.633 seconds
Query ID = hadoop_20240306090318_be32b613-8d0d-4d44-b93e-98522601a9c5
Total jobs = 1
Launching Job 1 out of 1
Status: Running (Executing on YARN cluster with App id application_1709712160305_0047)

Map 1: -/-	Reducer 2: 0/2	
Map 1: 0/1	Reducer 2: 0/2	
Map 1: 0(+1)/1	Reducer 2: 0/2	
Map 1: 1/1	Reducer 2: 2/2	
OK
Time taken: 1.367 seconds
Query ID = hadoop_20240306090319_878efeaf-bac1-4284-9f88-14cd046b419f
Total jobs = 1
Launching Job 1 out of 1
Status: Running (Executing on YARN cluster with App id application_1709712160305_0047)

Map 1: -/-	Reducer 2: 0/2	
Map 1: 0/1	Reducer 2: 0/2	
Map 1: 0(+1)/1	Reducer 2: 0/2	
Map 1: 1/1	Reducer 2: 2/2	
OK
Time taken: 1.349 seconds
Query ID = hadoop_20240306090321_45c97103-2687-4af7-90ed-02fad9654a1e
Total jobs = 1
Launching Job 1 out of 1
Status: Running (Executing on YARN cluster with App id application_1709712160305_0047)

Map 1: -/-	Reducer 2: 0/2	
Map 1: 0/1	Reducer 2: 0/2	
Map 1: 0(+1)/1	Reducer 2: 0/2	
Map 1: 1/1	Reducer 2: 2/2	
OK
Time taken: 1.354 seconds
NoViableAltException(24@[])
	at org.apache.hadoop.hive.ql.parse.HiveParser.statement(HiveParser.java:1402)
	at org.apache.hadoop.hive.ql.parse.ParseDriver.parse(ParseDriver.java:230)
	at org.apache.hadoop.hive.ql.parse.ParseUtils.parse(ParseUtils.java:79)
	at org.apache.hadoop.hive.ql.parse.ParseUtils.parse(ParseUtils.java:72)
	at org.apache.hadoop.hive.ql.Driver.compile(Driver.java:631)
	at org.apache.hadoop.hive.ql.Driver.compileInternal(Driver.java:1871)
	at org.apache.hadoop.hive.ql.Driver.compileAndRespond(Driver.java:1818)
	at org.apache.hadoop.hive.ql.Driver.compileAndRespond(Driver.java:1813)
	at org.apache.hadoop.hive.ql.reexec.ReExecDriver.compileAndRespond(ReExecDriver.java:126)
	at org.apache.hadoop.hive.ql.reexec.ReExecDriver.run(ReExecDriver.java:214)
	at org.apache.hadoop.hive.cli.CliDriver.processLocalCmd(CliDriver.java:242)
	at org.apache.hadoop.hive.cli.CliDriver.processCmd(CliDriver.java:191)
	at org.apache.hadoop.hive.cli.CliDriver.processLine(CliDriver.java:405)
	at org.apache.hadoop.hive.cli.CliDriver.processLine(CliDriver.java:338)
	at org.apache.hadoop.hive.cli.CliDriver.executeDriver(CliDriver.java:815)
	at org.apache.hadoop.hive.cli.CliDriver.run(CliDriver.java:787)
	at org.apache.hadoop.hive.cli.CliDriver.main(CliDriver.java:709)
	at java.base/jdk.internal.reflect.NativeMethodAccessorImpl.invoke0(Native Method)
	at java.base/jdk.internal.reflect.NativeMethodAccessorImpl.invoke(NativeMethodAccessorImpl.java:77)
	at java.base/jdk.internal.reflect.DelegatingMethodAccessorImpl.invoke(DelegatingMethodAccessorImpl.java:43)
	at java.base/java.lang.reflect.Method.invoke(Method.java:568)
	at org.apache.hadoop.util.RunJar.run(RunJar.java:328)
	at org.apache.hadoop.util.RunJar.main(RunJar.java:241)
FAILED: ParseException line 1:1 cannot recognize input near 'QUERY_2' '<EOF>' '<EOF>'
32.328,28.475,1.325
5,QUERY_3,Hive Session ID = 51784f05-7279-4300-aed4-5c47dbd10a78

Logging initialized using configuration in file:/etc/hive/conf.dist/hive-log4j2.properties Async: true
OK
Time taken: 0.546 seconds
OK
Time taken: 0.084 seconds
OK
Time taken: 1.222 seconds
Query ID = hadoop_20240306090333_daa1c4c2-72e4-496a-8418-db3f6d7b578c
Total jobs = 1
Launching Job 1 out of 1
Status: Running (Executing on YARN cluster with App id application_1709712160305_0049)

Map 1: -/-	Reducer 2: 0/2	
Map 1: 0/1	Reducer 2: 0/2	
Map 1: 0(+1)/1	Reducer 2: 0/2	
Map 1: 1/1	Reducer 2: 0(+1)/2	
Map 1: 1/1	Reducer 2: 2/2	
OK
Time taken: 16.042 seconds
Query ID = hadoop_20240306090349_716b1ff1-1244-43ee-986f-86481104171c
Total jobs = 1
Launching Job 1 out of 1
Status: Running (Executing on YARN cluster with App id application_1709712160305_0049)

Map 1: -/-	Reducer 2: 0/2	
Map 1: 0/1	Reducer 2: 0/2	
Map 1: 0(+1)/1	Reducer 2: 0/2	
Map 1: 1/1	Reducer 2: 2/2	
OK
Time taken: 1.672 seconds
Query ID = hadoop_20240306090350_14c2e73b-f949-4ccd-a2fd-358cb0b400dd
Total jobs = 1
Launching Job 1 out of 1
Status: Running (Executing on YARN cluster with App id application_1709712160305_0049)

Map 1: -/-	Reducer 2: 0/2	
Map 1: 0/1	Reducer 2: 0/2	
Map 1: 0(+1)/1	Reducer 2: 0/2	
Map 1: 1/1	Reducer 2: 2/2	
OK
Time taken: 1.341 seconds
Query ID = hadoop_20240306090352_c1e9fbe7-035b-4f2d-9492-8802046d4af7
Total jobs = 1
Launching Job 1 out of 1
Status: Running (Executing on YARN cluster with App id application_1709712160305_0049)

Map 1: -/-	Reducer 2: 0/2	
Map 1: 0/1	Reducer 2: 0/2	
Map 1: 0(+1)/1	Reducer 2: 0/2	
Map 1: 1/1	Reducer 2: 2/2	
OK
Time taken: 1.362 seconds
Query ID = hadoop_20240306090353_47f58219-d303-4bde-b6b4-99cac0fb6a50
Total jobs = 1
Launching Job 1 out of 1
Status: Running (Executing on YARN cluster with App id application_1709712160305_0049)

Map 1: -/-	Reducer 2: 0/2	
Map 1: 0/1	Reducer 2: 0/2	
Map 1: 1/1	Reducer 2: 0/2	
Map 1: 1/1	Reducer 2: 2/2	
OK
Time taken: 1.284 seconds
NoViableAltException(24@[])
	at org.apache.hadoop.hive.ql.parse.HiveParser.statement(HiveParser.java:1402)
	at org.apache.hadoop.hive.ql.parse.ParseDriver.parse(ParseDriver.java:230)
	at org.apache.hadoop.hive.ql.parse.ParseUtils.parse(ParseUtils.java:79)
	at org.apache.hadoop.hive.ql.parse.ParseUtils.parse(ParseUtils.java:72)
	at org.apache.hadoop.hive.ql.Driver.compile(Driver.java:631)
	at org.apache.hadoop.hive.ql.Driver.compileInternal(Driver.java:1871)
	at org.apache.hadoop.hive.ql.Driver.compileAndRespond(Driver.java:1818)
	at org.apache.hadoop.hive.ql.Driver.compileAndRespond(Driver.java:1813)
	at org.apache.hadoop.hive.ql.reexec.ReExecDriver.compileAndRespond(ReExecDriver.java:126)
	at org.apache.hadoop.hive.ql.reexec.ReExecDriver.run(ReExecDriver.java:214)
	at org.apache.hadoop.hive.cli.CliDriver.processLocalCmd(CliDriver.java:242)
	at org.apache.hadoop.hive.cli.CliDriver.processCmd(CliDriver.java:191)
	at org.apache.hadoop.hive.cli.CliDriver.processLine(CliDriver.java:405)
	at org.apache.hadoop.hive.cli.CliDriver.processLine(CliDriver.java:338)
	at org.apache.hadoop.hive.cli.CliDriver.executeDriver(CliDriver.java:815)
	at org.apache.hadoop.hive.cli.CliDriver.run(CliDriver.java:787)
	at org.apache.hadoop.hive.cli.CliDriver.main(CliDriver.java:709)
	at java.base/jdk.internal.reflect.NativeMethodAccessorImpl.invoke0(Native Method)
	at java.base/jdk.internal.reflect.NativeMethodAccessorImpl.invoke(NativeMethodAccessorImpl.java:77)
	at java.base/jdk.internal.reflect.DelegatingMethodAccessorImpl.invoke(DelegatingMethodAccessorImpl.java:43)
	at java.base/java.lang.reflect.Method.invoke(Method.java:568)
	at org.apache.hadoop.util.RunJar.run(RunJar.java:328)
	at org.apache.hadoop.util.RunJar.main(RunJar.java:241)
FAILED: ParseException line 1:1 cannot recognize input near 'QUERY_3' '<EOF>' '<EOF>'
32.486,29.733,1.487
5,QUERY_4,Hive Session ID = ee9864c4-e2ae-4303-9c29-1c2a73e725ef

Logging initialized using configuration in file:/etc/hive/conf.dist/hive-log4j2.properties Async: true
OK
Time taken: 0.436 seconds
OK
Time taken: 0.104 seconds
OK
Time taken: 1.19 seconds
Query ID = hadoop_20240306090407_c36992e3-b29f-4683-8a41-9382a09f321e
Total jobs = 1
Launching Job 1 out of 1
Status: Running (Executing on YARN cluster with App id application_1709712160305_0051)

Map 1: -/-	Reducer 2: 0/2	
Map 1: 0/1	Reducer 2: 0/2	
Map 1: 0/1	Reducer 2: 0/2	
Map 1: 0(+1)/1	Reducer 2: 0/2	
Map 1: 0(+1)/1	Reducer 2: 0/2	
Map 1: 1/1	Reducer 2: 0(+1)/2	
Map 1: 1/1	Reducer 2: 2/2	
OK
Time taken: 17.422 seconds
Query ID = hadoop_20240306090424_c33c64ba-ab50-4da9-8bc7-057e48eafdcf
Total jobs = 1
Launching Job 1 out of 1
Status: Running (Executing on YARN cluster with App id application_1709712160305_0051)

Map 1: -/-	Reducer 2: 0/2	
Map 1: 0/1	Reducer 2: 0/2	
Map 1: 0(+1)/1	Reducer 2: 0/2	
Map 1: 1/1	Reducer 2: 2/2	
OK
Time taken: 1.672 seconds
Query ID = hadoop_20240306090426_21de71a7-e763-43cd-b0c8-2bfa1e2611ad
Total jobs = 1
Launching Job 1 out of 1
Status: Running (Executing on YARN cluster with App id application_1709712160305_0051)

Map 1: -/-	Reducer 2: 0/2	
Map 1: 0/1	Reducer 2: 0/2	
Map 1: 0(+1)/1	Reducer 2: 0/2	
Map 1: 1/1	Reducer 2: 2/2	
OK
Time taken: 1.405 seconds
Query ID = hadoop_20240306090427_768f3199-4a18-4f47-93b3-93f552842326
Total jobs = 1
Launching Job 1 out of 1
Status: Running (Executing on YARN cluster with App id application_1709712160305_0051)

Map 1: -/-	Reducer 2: 0/2	
Map 1: 0/1	Reducer 2: 0/2	
Map 1: 0(+1)/1	Reducer 2: 0/2	
Map 1: 1/1	Reducer 2: 2/2	
OK
Time taken: 1.359 seconds
Query ID = hadoop_20240306090429_b65becc2-ae78-4fa1-b7b5-686feaf925f3
Total jobs = 1
Launching Job 1 out of 1
Status: Running (Executing on YARN cluster with App id application_1709712160305_0051)

Map 1: -/-	Reducer 2: 0/2	
Map 1: 0/1	Reducer 2: 0/2	
Map 1: 0(+1)/1	Reducer 2: 0/2	
Map 1: 1/1	Reducer 2: 0(+1)/2	
Map 1: 1/1	Reducer 2: 2/2	
OK
Time taken: 6.02 seconds
NoViableAltException(24@[])
	at org.apache.hadoop.hive.ql.parse.HiveParser.statement(HiveParser.java:1402)
	at org.apache.hadoop.hive.ql.parse.ParseDriver.parse(ParseDriver.java:230)
	at org.apache.hadoop.hive.ql.parse.ParseUtils.parse(ParseUtils.java:79)
	at org.apache.hadoop.hive.ql.parse.ParseUtils.parse(ParseUtils.java:72)
	at org.apache.hadoop.hive.ql.Driver.compile(Driver.java:631)
	at org.apache.hadoop.hive.ql.Driver.compileInternal(Driver.java:1871)
	at org.apache.hadoop.hive.ql.Driver.compileAndRespond(Driver.java:1818)
	at org.apache.hadoop.hive.ql.Driver.compileAndRespond(Driver.java:1813)
	at org.apache.hadoop.hive.ql.reexec.ReExecDriver.compileAndRespond(ReExecDriver.java:126)
	at org.apache.hadoop.hive.ql.reexec.ReExecDriver.run(ReExecDriver.java:214)
	at org.apache.hadoop.hive.cli.CliDriver.processLocalCmd(CliDriver.java:242)
	at org.apache.hadoop.hive.cli.CliDriver.processCmd(CliDriver.java:191)
	at org.apache.hadoop.hive.cli.CliDriver.processLine(CliDriver.java:405)
	at org.apache.hadoop.hive.cli.CliDriver.processLine(CliDriver.java:338)
	at org.apache.hadoop.hive.cli.CliDriver.executeDriver(CliDriver.java:815)
	at org.apache.hadoop.hive.cli.CliDriver.run(CliDriver.java:787)
	at org.apache.hadoop.hive.cli.CliDriver.main(CliDriver.java:709)
	at java.base/jdk.internal.reflect.NativeMethodAccessorImpl.invoke0(Native Method)
	at java.base/jdk.internal.reflect.NativeMethodAccessorImpl.invoke(NativeMethodAccessorImpl.java:77)
	at java.base/jdk.internal.reflect.DelegatingMethodAccessorImpl.invoke(DelegatingMethodAccessorImpl.java:43)
	at java.base/java.lang.reflect.Method.invoke(Method.java:568)
	at org.apache.hadoop.util.RunJar.run(RunJar.java:328)
	at org.apache.hadoop.util.RunJar.main(RunJar.java:241)
FAILED: ParseException line 1:1 cannot recognize input near 'QUERY_4' '<EOF>' '<EOF>'
40.185,29.385,1.721
5,QUERY_5,Hive Session ID = e7e63c6a-1ea2-4cc2-9b12-a35daf27319e

Logging initialized using configuration in file:/etc/hive/conf.dist/hive-log4j2.properties Async: true
OK
Time taken: 0.436 seconds
OK
Time taken: 0.078 seconds
OK
Time taken: 1.158 seconds
Query ID = hadoop_20240306090445_cb5f84ae-8cff-4c3c-8ac2-b28678ba4df2
Total jobs = 1
Launching Job 1 out of 1
Status: Running (Executing on YARN cluster with App id application_1709712160305_0053)

Map 1: -/-	Reducer 2: 0/2	
Map 1: 0/1	Reducer 2: 0/2	
Map 1: 0/1	Reducer 2: 0/2	
Map 1: 0(+1)/1	Reducer 2: 0/2	
Map 1: 1/1	Reducer 2: 0(+1)/2	
Map 1: 1/1	Reducer 2: 2/2	
OK
Time taken: 14.826 seconds
Query ID = hadoop_20240306090500_35935fdb-3248-427c-a683-a96e307cb855
Total jobs = 1
Launching Job 1 out of 1
Status: Running (Executing on YARN cluster with App id application_1709712160305_0053)

Map 1: -/-	Reducer 2: 0/2	
Map 1: 0/1	Reducer 2: 0/2	
Map 1: 0(+1)/1	Reducer 2: 0/2	
Map 1: 1/1	Reducer 2: 2/2	
OK
Time taken: 1.335 seconds
Query ID = hadoop_20240306090501_11042508-0b9d-4c85-9768-56a02f138ca9
Total jobs = 1
Launching Job 1 out of 1
Status: Running (Executing on YARN cluster with App id application_1709712160305_0053)

Map 1: -/-	Reducer 2: 0/2	
Map 1: 0/1	Reducer 2: 0/2	
Map 1: 0(+1)/1	Reducer 2: 0/2	
Map 1: 0(+1)/1	Reducer 2: 0/2	
Map 1: 1/1	Reducer 2: 2/2	
OK
Time taken: 6.149 seconds
Query ID = hadoop_20240306090507_79f78520-a5c7-4b97-a5f3-8a38c493f7ce
Total jobs = 1
Launching Job 1 out of 1
Status: Running (Executing on YARN cluster with App id application_1709712160305_0053)

Map 1: -/-	Reducer 2: 0/2	
Map 1: 0/1	Reducer 2: 0/2	
Map 1: 0(+1)/1	Reducer 2: 0/2	
Map 1: 1/1	Reducer 2: 2/2	
OK
Time taken: 1.562 seconds
Query ID = hadoop_20240306090509_15716109-e69a-4287-8dca-714b8898c857
Total jobs = 1
Launching Job 1 out of 1
Status: Running (Executing on YARN cluster with App id application_1709712160305_0053)

Map 1: -/-	Reducer 2: 0/2	
Map 1: 0/1	Reducer 2: 0/2	
Map 1: 0(+1)/1	Reducer 2: 0/2	
Map 1: 1/1	Reducer 2: 2/2	
OK
Time taken: 1.812 seconds
NoViableAltException(24@[])
	at org.apache.hadoop.hive.ql.parse.HiveParser.statement(HiveParser.java:1402)
	at org.apache.hadoop.hive.ql.parse.ParseDriver.parse(ParseDriver.java:230)
	at org.apache.hadoop.hive.ql.parse.ParseUtils.parse(ParseUtils.java:79)
	at org.apache.hadoop.hive.ql.parse.ParseUtils.parse(ParseUtils.java:72)
	at org.apache.hadoop.hive.ql.Driver.compile(Driver.java:631)
	at org.apache.hadoop.hive.ql.Driver.compileInternal(Driver.java:1871)
	at org.apache.hadoop.hive.ql.Driver.compileAndRespond(Driver.java:1818)
	at org.apache.hadoop.hive.ql.Driver.compileAndRespond(Driver.java:1813)
	at org.apache.hadoop.hive.ql.reexec.ReExecDriver.compileAndRespond(ReExecDriver.java:126)
	at org.apache.hadoop.hive.ql.reexec.ReExecDriver.run(ReExecDriver.java:214)
	at org.apache.hadoop.hive.cli.CliDriver.processLocalCmd(CliDriver.java:242)
	at org.apache.hadoop.hive.cli.CliDriver.processCmd(CliDriver.java:191)
	at org.apache.hadoop.hive.cli.CliDriver.processLine(CliDriver.java:405)
	at org.apache.hadoop.hive.cli.CliDriver.processLine(CliDriver.java:338)
	at org.apache.hadoop.hive.cli.CliDriver.executeDriver(CliDriver.java:815)
	at org.apache.hadoop.hive.cli.CliDriver.run(CliDriver.java:787)
	at org.apache.hadoop.hive.cli.CliDriver.main(CliDriver.java:709)
	at java.base/jdk.internal.reflect.NativeMethodAccessorImpl.invoke0(Native Method)
	at java.base/jdk.internal.reflect.NativeMethodAccessorImpl.invoke(NativeMethodAccessorImpl.java:77)
	at java.base/jdk.internal.reflect.DelegatingMethodAccessorImpl.invoke(DelegatingMethodAccessorImpl.java:43)
	at java.base/java.lang.reflect.Method.invoke(Method.java:568)
	at org.apache.hadoop.util.RunJar.run(RunJar.java:328)
	at org.apache.hadoop.util.RunJar.main(RunJar.java:241)
FAILED: ParseException line 1:1 cannot recognize input near 'QUERY_5' '<EOF>' '<EOF>'
36.209,27.665,1.502
